image_path,product_id,wm_image_path,mask_path,category,wm_local_mask,
dummy_images\CARTIER\翻新\备份\20250624\4736-CARTIER JUSTE UN CLOU RING B4231400\主图\画板 3.jpg,600,,,,,
dummy_images\CARTIER\翻新\备份\20250624\4736-CARTIER JUSTE UN CLOU RING B4231400\附图\4736-3.jpg,600,dummy_images\CARTIER\翻新\已整理\20250624\4736-CARTIER JUSTE UN CLOU RING B4231400\附图\4736 3.jpg,,,,
dummy_images\CARTIER\翻新\备份\20250624\4736-CARTIER JUSTE UN CLOU RING B4231400\附图\4736-4.jpg,600,dummy_images\CARTIER\翻新\已整理\20250624\4736-CARTIER JUSTE UN CLOU RING B4231400\附图\4736 4.jpg,,,,
dummy_images\CARTIER\翻新\备份\20250624\4736-CARTIER JUSTE UN CLOU RING B4231400\附图\4736-5.jpg,600,dummy_images\CARTIER\翻新\已整理\20250624\4736-CARTIER JUSTE UN CLOU RING B4231400\附图\4736 5.jpg,,,,
dummy_images\CARTIER\翻新\备份\20250624\4736-CARTIER JUSTE UN CLOU RING B4231400\附图\4736-6.jpg,600,dummy_images\CARTIER\翻新\已整理\20250624\4736-CARTIER JUSTE UN CLOU RING B4231400\附图\4736 6.jpg,,,,
dummy_images\CARTIER\翻新\备份\20250624\4742-CARTIER ETINCELLE DE CARTIER RING B4230300无\主图\画板 4.jpg,601,,,,,
dummy_images\CARTIER\翻新\备份\20250624\4742-CARTIER ETINCELLE DE CARTIER RING B4230300无\附图\4742-3.jpg,601,dummy_images\CARTIER\翻新\已整理\20250624\4742-CARTIER ETINCELLE DE CARTIER RING B4230300无\附图\4742 3.jpg,,,,
dummy_images\CARTIER\翻新\备份\20250624\4742-CARTIER ETINCELLE DE CARTIER RING B4230300无\附图\4742-4.jpg,601,dummy_images\CARTIER\翻新\已整理\20250624\4742-CARTIER ETINCELLE DE CARTIER RING B4230300无\附图\4742 4.jpg,,,,
dummy_images\CARTIER\翻新\备份\20250624\4742-CARTIER ETINCELLE DE CARTIER RING B4230300无\附图\4742-5.jpg,601,dummy_images\CARTIER\翻新\已整理\20250624\4742-CARTIER ETINCELLE DE CARTIER RING B4230300无\附图\4742 5.jpg,,,,
dummy_images\CARTIER\翻新\备份\20250624\4746-CARTIER ETINCELLE DE CARTIER RING B4230200无\主图\画板 7.jpg,602,,,,,
dummy_images\CARTIER\翻新\备份\20250624\4746-CARTIER ETINCELLE DE CARTIER RING B4230200无\附图\4746-2.jpg,602,dummy_images\CARTIER\翻新\已整理\20250624\4746-CARTIER ETINCELLE DE CARTIER RING B4230200无\附图\4746 2.jpg,,,,
dummy_images\CARTIER\翻新\备份\20250624\4746-CARTIER ETINCELLE DE CARTIER RING B4230200无\附图\4746-3.jpg,602,dummy_images\CARTIER\翻新\已整理\20250624\4746-CARTIER ETINCELLE DE CARTIER RING B4230200无\附图\4746 3.jpg,,,,
dummy_images\CARTIER\翻新\备份\20250624\4746-CARTIER ETINCELLE DE CARTIER RING B4230200无\附图\4746-4.jpg,602,dummy_images\CARTIER\翻新\已整理\20250624\4746-CARTIER ETINCELLE DE CARTIER RING B4230200无\附图\4746 4.jpg,,,,
dummy_images\CARTIER\翻新\备份\20250624\4746-CARTIER ETINCELLE DE CARTIER RING B4230200无\附图\4746-5.jpg,602,dummy_images\CARTIER\翻新\已整理\20250624\4746-CARTIER ETINCELLE DE CARTIER RING B4230200无\附图\4746 5.jpg,,,,
dummy_images\CARTIER\翻新\备份\20250624\4756-CARTIER 1895 WEDDING RING B4058300\主图\画板 11.jpg,603,,,,,
dummy_images\CARTIER\翻新\备份\20250624\4756-CARTIER 1895 WEDDING RING B4058300\附图\4756-2.jpg,603,dummy_images\CARTIER\翻新\已整理\20250624\4756-CARTIER 1895 WEDDING RING B4058300\附图\4756 2.jpg,,,,
dummy_images\CARTIER\翻新\备份\20250624\4756-CARTIER 1895 WEDDING RING B4058300\附图\4756-3.jpg,603,dummy_images\CARTIER\翻新\已整理\20250624\4756-CARTIER 1895 WEDDING RING B4058300\附图\4756 3.jpg,,,,
dummy_images\CARTIER\翻新\备份\20250624\4756-CARTIER 1895 WEDDING RING B4058300\附图\4756-4.jpg,603,dummy_images\CARTIER\翻新\已整理\20250624\4756-CARTIER 1895 WEDDING RING B4058300\附图\4756 4.jpg,,,,
dummy_images\CARTIER\翻新\备份\20250624\4756-CARTIER 1895 WEDDING RING B4058300\附图\4756-5.jpg,603,dummy_images\CARTIER\翻新\已整理\20250624\4756-CARTIER 1895 WEDDING RING B4058300\附图\4756 5.jpg,,,,
dummy_images\CARTIER\翻新\备份\20250624\4758-CARTIER JUSTE UN CLOU RING B4211000\主图\画板 13.jpg,604,,,,,
dummy_images\CARTIER\翻新\备份\20250624\4758-CARTIER JUSTE UN CLOU RING B4211000\附图\4758-2.jpg,604,dummy_images\CARTIER\翻新\已整理\20250624\4758-CARTIER JUSTE UN CLOU RING B4211000\附图\4758 2.jpg,,,,
dummy_images\CARTIER\翻新\备份\20250624\4758-CARTIER JUSTE UN CLOU RING B4211000\附图\4758-3.jpg,604,dummy_images\CARTIER\翻新\已整理\20250624\4758-CARTIER JUSTE UN CLOU RING B4211000\附图\4758 3.jpg,,,,
dummy_images\CARTIER\翻新\备份\20250624\4758-CARTIER JUSTE UN CLOU RING B4211000\附图\4758-4.jpg,604,dummy_images\CARTIER\翻新\已整理\20250624\4758-CARTIER JUSTE UN CLOU RING B4211000\附图\4758 4.jpg,,,,
dummy_images\CARTIER\翻新\备份\20250624\4759-CARTIER BRODERIE DE CARTIER WEDDING BAND B4225400无\主图\画板 14.jpg,605,,,,,
dummy_images\CARTIER\翻新\备份\20250624\4759-CARTIER BRODERIE DE CARTIER WEDDING BAND B4225400无\附图\4759-2.jpg,605,dummy_images\CARTIER\翻新\已整理\20250624\4759-CARTIER BRODERIE DE CARTIER WEDDING BAND B4225400无\附图\4759 2.jpg,,,,
dummy_images\CARTIER\翻新\备份\20250624\4759-CARTIER BRODERIE DE CARTIER WEDDING BAND B4225400无\附图\4759-3.jpg,605,dummy_images\CARTIER\翻新\已整理\20250624\4759-CARTIER BRODERIE DE CARTIER WEDDING BAND B4225400无\附图\4759 3.jpg,,,,
dummy_images\CARTIER\翻新\备份\20250624\4759-CARTIER BRODERIE DE CARTIER WEDDING BAND B4225400无\附图\4759-4.jpg,605,dummy_images\CARTIER\翻新\已整理\20250624\4759-CARTIER BRODERIE DE CARTIER WEDDING BAND B4225400无\附图\4759 4.jpg,,,,
dummy_images\CARTIER\翻新\备份\20250624\4759-CARTIER BRODERIE DE CARTIER WEDDING BAND B4225400无\附图\4759-5.jpg,605,dummy_images\CARTIER\翻新\已整理\20250624\4759-CARTIER BRODERIE DE CARTIER WEDDING BAND B4225400无\附图\4759 5.jpg,,,,
dummy_images\CARTIER\翻新\备份\20250624\4763-CARTIER JUSTE UN CLOU RING B4231600\附图\4763-3.jpg,606,dummy_images\CARTIER\翻新\已整理\20250624\4763-CARTIER JUSTE UN CLOU RING B4231600\附图\4763 3.jpg,,,,
dummy_images\CARTIER\翻新\备份\20250624\4763-CARTIER JUSTE UN CLOU RING B4231600\附图\4763-4.jpg,606,dummy_images\CARTIER\翻新\已整理\20250624\4763-CARTIER JUSTE UN CLOU RING B4231600\附图\4763 4.jpg,,,,
dummy_images\CARTIER\翻新\备份\20250624\4763-CARTIER JUSTE UN CLOU RING B4231600\附图\4763-5.jpg,606,dummy_images\CARTIER\翻新\已整理\20250624\4763-CARTIER JUSTE UN CLOU RING B4231600\附图\4763 5.jpg,,,,
"dummy_images\CARTIER\翻新\备份\20250624\4780 CARTIER BALLERINE WEDDING RING, WIDTH 2.1 MM B4071900w无\附图\4780 2.jpg",607,"dummy_images\CARTIER\翻新\已整理\20250624\4780 CARTIER BALLERINE WEDDING RING, WIDTH 2.1 MM B4071900无\附图\4780 2.jpg",,,,
"dummy_images\CARTIER\翻新\备份\20250624\4780 CARTIER BALLERINE WEDDING RING, WIDTH 2.1 MM B4071900w无\附图\4780 3.jpg",607,"dummy_images\CARTIER\翻新\已整理\20250624\4780 CARTIER BALLERINE WEDDING RING, WIDTH 2.1 MM B4071900无\附图\4780 3.jpg",,,,
"dummy_images\CARTIER\翻新\备份\20250624\4780 CARTIER BALLERINE WEDDING RING, WIDTH 2.1 MM B4071900w无\附图\4780 4.jpg",607,"dummy_images\CARTIER\翻新\已整理\20250624\4780 CARTIER BALLERINE WEDDING RING, WIDTH 2.1 MM B4071900无\附图\4780 4.jpg",,,,
"dummy_images\CARTIER\翻新\备份\20250624\4781 CARTIER JUSTE UN CLOU RING, CLASSIC MODEL B4092500\附图\4781 2.jpg",608,"dummy_images\CARTIER\翻新\已整理\20250624\4781 CARTIER JUSTE UN CLOU RING, CLASSIC MODEL B4092500\附图\4781 2.jpg",,,,
"dummy_images\CARTIER\翻新\备份\20250624\4781 CARTIER JUSTE UN CLOU RING, CLASSIC MODEL B4092500\附图\4781 3.jpg",608,"dummy_images\CARTIER\翻新\已整理\20250624\4781 CARTIER JUSTE UN CLOU RING, CLASSIC MODEL B4092500\附图\4781 3.jpg",,,,
"dummy_images\CARTIER\翻新\备份\20250624\4781 CARTIER JUSTE UN CLOU RING, CLASSIC MODEL B4092500\附图\4781 5.jpg",608,"dummy_images\CARTIER\翻新\已整理\20250624\4781 CARTIER JUSTE UN CLOU RING, CLASSIC MODEL B4092500\附图\4781 5.jpg",,,,
"dummy_images\CARTIER\翻新\备份\20250624\4782 CARTIER C DE CARTIER WEDDING RING, WIDTH 3 MM, 2 DIAMONDS B4077800\附图\4782 1.jpg",609,"dummy_images\CARTIER\翻新\备份\20250624\4782 CARTIER C DE CARTIER WEDDING RING, WIDTH 3 MM, 2 DIAMONDS B4077800无\附图\4782 1.jpg",,,,
"dummy_images\CARTIER\翻新\备份\20250624\4782 CARTIER C DE CARTIER WEDDING RING, WIDTH 3 MM, 2 DIAMONDS B4077800\附图\4782 2.jpg",609,"dummy_images\CARTIER\翻新\备份\20250624\4782 CARTIER C DE CARTIER WEDDING RING, WIDTH 3 MM, 2 DIAMONDS B4077800无\附图\4782 2.jpg",,,,
"dummy_images\CARTIER\翻新\备份\20250624\4782 CARTIER C DE CARTIER WEDDING RING, WIDTH 3 MM, 2 DIAMONDS B4077800\附图\4782 3.jpg",609,"dummy_images\CARTIER\翻新\备份\20250624\4782 CARTIER C DE CARTIER WEDDING RING, WIDTH 3 MM, 2 DIAMONDS B4077800无\附图\4782 3.jpg",,,,
"dummy_images\CARTIER\翻新\备份\20250624\4794 CARTIER JUSTE UN CLOU RING, DOUBLE, SEMI-PAVED B4211900\附图\4794 2.jpg",610,"dummy_images\CARTIER\翻新\已整理\20250624\4794 CARTIER JUSTE UN CLOU RING, DOUBLE, SEMI-PAVED B4211900无\附图\4794 2.jpg",,,,
"dummy_images\CARTIER\翻新\备份\20250624\4794 CARTIER JUSTE UN CLOU RING, DOUBLE, SEMI-PAVED B4211900\附图\4794 3.jpg",610,"dummy_images\CARTIER\翻新\已整理\20250624\4794 CARTIER JUSTE UN CLOU RING, DOUBLE, SEMI-PAVED B4211900无\附图\4794 3.jpg",,,,
"dummy_images\CARTIER\翻新\备份\20250624\4794 CARTIER JUSTE UN CLOU RING, DOUBLE, SEMI-PAVED B4211900\附图\4794 4.jpg",610,"dummy_images\CARTIER\翻新\已整理\20250624\4794 CARTIER JUSTE UN CLOU RING, DOUBLE, SEMI-PAVED B4211900无\附图\4794 4.jpg",,,,
dummy_images\CARTIER\翻新\备份\20250624\4797 CARTIER BALLERINE WEDDING RING B4077700\附图\4797 2.jpg,611,,,,,
dummy_images\CARTIER\翻新\备份\20250624\4797 CARTIER BALLERINE WEDDING RING B4077700\附图\4797 3.jpg,611,,,,,
dummy_images\CARTIER\翻新\备份\20250624\4797 CARTIER BALLERINE WEDDING RING B4077700\附图\4797 4.jpg,611,,,,,
dummy_images\CARTIER\翻新\备份\20250624\4797 CARTIER BALLERINE WEDDING RING B4077700\附图\4797 5.jpg,611,,,,,
"dummy_images\CARTIER\翻新\备份\20250624\4805 CARTIER PANTHèRE DE CARTIER RING, SMALL MODEL, SEMI-PAVED N4765800\附图\4805 2.jpg",612,"dummy_images\CARTIER\翻新\已整理\20250624\4805 CARTIER PANTHèRE DE CARTIER RING, SMALL MODEL, SEMI-PAVED N4765800\附图\4805 2.jpg",,,,
"dummy_images\CARTIER\翻新\备份\20250624\4805 CARTIER PANTHèRE DE CARTIER RING, SMALL MODEL, SEMI-PAVED N4765800\附图\4805 3.jpg",612,"dummy_images\CARTIER\翻新\已整理\20250624\4805 CARTIER PANTHèRE DE CARTIER RING, SMALL MODEL, SEMI-PAVED N4765800\附图\4805 3.jpg",,,,
"dummy_images\CARTIER\翻新\备份\20250624\4805 CARTIER PANTHèRE DE CARTIER RING, SMALL MODEL, SEMI-PAVED N4765800\附图\4805 4.jpg",612,"dummy_images\CARTIER\翻新\已整理\20250624\4805 CARTIER PANTHèRE DE CARTIER RING, SMALL MODEL, SEMI-PAVED N4765800\附图\4805 4.jpg",,,,
"dummy_images\CARTIER\翻新\备份\20250625\4815 CARTIER PANTHèRE DE CARTIER RING, SMALL MODEL, SEMI-PAVED N4765900\主图\画板 3.jpg",613,,,,,
"dummy_images\CARTIER\翻新\备份\20250625\4815 CARTIER PANTHèRE DE CARTIER RING, SMALL MODEL, SEMI-PAVED N4765900\附图\4815 2.jpg",613,"dummy_images\CARTIER\翻新\已整理\20250625\4815 CARTIER PANTHèRE DE CARTIER RING, SMALL MODEL, SEMI-PAVED N4765900\附图\4815 2.jpg",,,,
"dummy_images\CARTIER\翻新\备份\20250625\4815 CARTIER PANTHèRE DE CARTIER RING, SMALL MODEL, SEMI-PAVED N4765900\附图\4815 3.jpg",613,"dummy_images\CARTIER\翻新\已整理\20250625\4815 CARTIER PANTHèRE DE CARTIER RING, SMALL MODEL, SEMI-PAVED N4765900\附图\4815 3.jpg",,,,
"dummy_images\CARTIER\翻新\备份\20250625\4815 CARTIER PANTHèRE DE CARTIER RING, SMALL MODEL, SEMI-PAVED N4765900\附图\4815 4.jpg",613,"dummy_images\CARTIER\翻新\已整理\20250625\4815 CARTIER PANTHèRE DE CARTIER RING, SMALL MODEL, SEMI-PAVED N4765900\附图\4815 4.jpg",,,,
"dummy_images\CARTIER\翻新\备份\20250625\4815 CARTIER PANTHèRE DE CARTIER RING, SMALL MODEL, SEMI-PAVED N4765900\附图\4815 5.jpg",613,"dummy_images\CARTIER\翻新\已整理\20250625\4815 CARTIER PANTHèRE DE CARTIER RING, SMALL MODEL, SEMI-PAVED N4765900\附图\4815 5.jpg",,,,
"dummy_images\CARTIER\翻新\备份\20250625\4830 CARTIER éTINCELLE DE CARTIER RING, SMALL MODEL?B4216800无\主图\画板 5.jpg",614,,,,,
"dummy_images\CARTIER\翻新\备份\20250625\4830 CARTIER éTINCELLE DE CARTIER RING, SMALL MODEL?B4216800无\附图\4830 3.jpg",614,"dummy_images\CARTIER\翻新\已整理\20250625\4830 CARTIER éTINCELLE DE CARTIER RING, SMALL MODEL?B4216800无\附图\4830 3.jpg",,,,
"dummy_images\CARTIER\翻新\备份\20250625\4830 CARTIER éTINCELLE DE CARTIER RING, SMALL MODEL?B4216800无\附图\4830 4.jpg",614,"dummy_images\CARTIER\翻新\已整理\20250625\4830 CARTIER éTINCELLE DE CARTIER RING, SMALL MODEL?B4216800无\附图\4830 4.jpg",,,,
"dummy_images\CARTIER\翻新\备份\20250625\4830 CARTIER éTINCELLE DE CARTIER RING, SMALL MODEL?B4216800无\附图\4830 5.jpg",614,"dummy_images\CARTIER\翻新\已整理\20250625\4830 CARTIER éTINCELLE DE CARTIER RING, SMALL MODEL?B4216800无\附图\4830 5.jpg",,,,
"dummy_images\CARTIER\翻新\备份\20250625\4833 CARTIER JUSTE UN CLOU RING, DOUBLE, SEMI-PAVED?B4210900\主图\画板 6.jpg",615,,,,,
"dummy_images\CARTIER\翻新\备份\20250625\4833 CARTIER JUSTE UN CLOU RING, DOUBLE, SEMI-PAVED?B4210900\附图\4833 2.jpg",615,"dummy_images\CARTIER\翻新\已整理\20250625\4833 CARTIER JUSTE UN CLOU RING, DOUBLE, SEMI-PAVED?B4210900\附图\4833 2.jpg",,,,
"dummy_images\CARTIER\翻新\备份\20250625\4833 CARTIER JUSTE UN CLOU RING, DOUBLE, SEMI-PAVED?B4210900\附图\4833 3.jpg",615,"dummy_images\CARTIER\翻新\已整理\20250625\4833 CARTIER JUSTE UN CLOU RING, DOUBLE, SEMI-PAVED?B4210900\附图\4833 3.jpg",,,,
"dummy_images\CARTIER\翻新\备份\20250625\4833 CARTIER JUSTE UN CLOU RING, DOUBLE, SEMI-PAVED?B4210900\附图\4833 4.jpg",615,"dummy_images\CARTIER\翻新\已整理\20250625\4833 CARTIER JUSTE UN CLOU RING, DOUBLE, SEMI-PAVED?B4210900\附图\4833 4.jpg",,,,
"dummy_images\CARTIER\翻新\备份\20250625\4839 CARTIER PANTHèRE DE CARTIER RING, SMALL MODEL, PAVED N4765500\主图\画板 7.jpg",616,,,,,
"dummy_images\CARTIER\翻新\备份\20250625\4839 CARTIER PANTHèRE DE CARTIER RING, SMALL MODEL, PAVED N4765500\附图\4839 2.jpg",616,"dummy_images\CARTIER\翻新\已整理\20250625\4839 CARTIER PANTHèRE DE CARTIER RING, SMALL MODEL, PAVED N4765500\附图\4839 2.jpg",,,,
"dummy_images\CARTIER\翻新\备份\20250625\4839 CARTIER PANTHèRE DE CARTIER RING, SMALL MODEL, PAVED N4765500\附图\4839 3.jpg",616,"dummy_images\CARTIER\翻新\已整理\20250625\4839 CARTIER PANTHèRE DE CARTIER RING, SMALL MODEL, PAVED N4765500\附图\4839 3.jpg",,,,
"dummy_images\CARTIER\翻新\备份\20250625\4839 CARTIER PANTHèRE DE CARTIER RING, SMALL MODEL, PAVED N4765500\附图\4839 4.jpg",616,"dummy_images\CARTIER\翻新\已整理\20250625\4839 CARTIER PANTHèRE DE CARTIER RING, SMALL MODEL, PAVED N4765500\附图\4839 4.jpg",,,,
"dummy_images\CARTIER\翻新\备份\20250625\4847 CARTIER BRODERIE DE CARTIER WEDDING BAND, DIAMONDS?B4225600无\主图\画板 13.jpg",617,,,,,
"dummy_images\CARTIER\翻新\备份\20250625\4847 CARTIER BRODERIE DE CARTIER WEDDING BAND, DIAMONDS?B4225600无\附图\4847 1.jpg",617,"dummy_images\CARTIER\翻新\已整理\20250625\4847 CARTIER BRODERIE DE CARTIER WEDDING BAND, DIAMONDS?B4225600无\附图\4847 1.jpg",,,,
"dummy_images\CARTIER\翻新\备份\20250625\4847 CARTIER BRODERIE DE CARTIER WEDDING BAND, DIAMONDS?B4225600无\附图\4847 2.jpg",617,"dummy_images\CARTIER\翻新\已整理\20250625\4847 CARTIER BRODERIE DE CARTIER WEDDING BAND, DIAMONDS?B4225600无\附图\4847 2.jpg",,,,
"dummy_images\CARTIER\翻新\备份\20250625\4847 CARTIER BRODERIE DE CARTIER WEDDING BAND, DIAMONDS?B4225600无\附图\4847 3.jpg",617,"dummy_images\CARTIER\翻新\已整理\20250625\4847 CARTIER BRODERIE DE CARTIER WEDDING BAND, DIAMONDS?B4225600无\附图\4847 3.jpg",,,,
"dummy_images\CARTIER\翻新\备份\20250625\4848 CARTIER ETINCELLE DE CARTIER RING, SEMI-PAVED?N4753200无\主图\画板 14.jpg",618,,,,,
"dummy_images\CARTIER\翻新\备份\20250625\4848 CARTIER ETINCELLE DE CARTIER RING, SEMI-PAVED?N4753200无\附图\4848 2.jpg",618,"dummy_images\CARTIER\翻新\已整理\20250625\4848 CARTIER ETINCELLE DE CARTIER RING, SEMI-PAVED?N4753200无\附图\4848 2.jpg",,,,
"dummy_images\CARTIER\翻新\备份\20250625\4848 CARTIER ETINCELLE DE CARTIER RING, SEMI-PAVED?N4753200无\附图\4848 3.jpg",618,"dummy_images\CARTIER\翻新\已整理\20250625\4848 CARTIER ETINCELLE DE CARTIER RING, SEMI-PAVED?N4753200无\附图\4848 3.jpg",,,,
"dummy_images\CARTIER\翻新\备份\20250625\4848 CARTIER ETINCELLE DE CARTIER RING, SEMI-PAVED?N4753200无\附图\4848 4.jpg",618,"dummy_images\CARTIER\翻新\已整理\20250625\4848 CARTIER ETINCELLE DE CARTIER RING, SEMI-PAVED?N4753200无\附图\4848 4.jpg",,,,
"dummy_images\CARTIER\翻新\备份\20250625\4848 CARTIER ETINCELLE DE CARTIER RING, SEMI-PAVED?N4753200无\附图\4848 5.jpg",618,"dummy_images\CARTIER\翻新\已整理\20250625\4848 CARTIER ETINCELLE DE CARTIER RING, SEMI-PAVED?N4753200无\附图\4848 5.jpg",,,,
"dummy_images\CARTIER\翻新\备份\20250625\4849 CARTIER PANTHèRE DE CARTIER RING, SMALL MODEL, SEMI-PAVED?N4765700无\主图\画板 15.jpg",619,,,,,
"dummy_images\CARTIER\翻新\备份\20250625\4849 CARTIER PANTHèRE DE CARTIER RING, SMALL MODEL, SEMI-PAVED?N4765700无\附图\4849 2.jpg",619,"dummy_images\CARTIER\翻新\已整理\20250625\4849 CARTIER PANTHèRE DE CARTIER RING, SMALL MODEL, SEMI-PAVED?N4765700无\附图\4849 2.jpg",,,,
"dummy_images\CARTIER\翻新\备份\20250625\4849 CARTIER PANTHèRE DE CARTIER RING, SMALL MODEL, SEMI-PAVED?N4765700无\附图\4849 3.jpg",619,"dummy_images\CARTIER\翻新\已整理\20250625\4849 CARTIER PANTHèRE DE CARTIER RING, SMALL MODEL, SEMI-PAVED?N4765700无\附图\4849 3.jpg",,,,
"dummy_images\CARTIER\翻新\备份\20250625\4849 CARTIER PANTHèRE DE CARTIER RING, SMALL MODEL, SEMI-PAVED?N4765700无\附图\4849 4.jpg",619,"dummy_images\CARTIER\翻新\已整理\20250625\4849 CARTIER PANTHèRE DE CARTIER RING, SMALL MODEL, SEMI-PAVED?N4765700无\附图\4849 4.jpg",,,,
dummy_images\CARTIER\翻新\备份\20250625\4866 CARTIER ETINCELLE DE CARTIER RING N4243000\主图\画板 22.jpg,620,,,,,
dummy_images\CARTIER\翻新\备份\20250625\4866 CARTIER ETINCELLE DE CARTIER RING N4243000\附图\4866 2.jpg,620,dummy_images\CARTIER\翻新\已整理\20250625\4866 CARTIER ETINCELLE DE CARTIER RING N4243000\附图\4866 2.jpg,,,,
dummy_images\CARTIER\翻新\备份\20250625\4866 CARTIER ETINCELLE DE CARTIER RING N4243000\附图\4866 3.jpg,620,dummy_images\CARTIER\翻新\已整理\20250625\4866 CARTIER ETINCELLE DE CARTIER RING N4243000\附图\4866 3.jpg,,,,
dummy_images\CARTIER\翻新\备份\20250625\4866 CARTIER ETINCELLE DE CARTIER RING N4243000\附图\4866 4.jpg,620,dummy_images\CARTIER\翻新\已整理\20250625\4866 CARTIER ETINCELLE DE CARTIER RING N4243000\附图\4866 4.jpg,,,,
dummy_images\CARTIER\翻新\备份\20250625\4878 CARTIER C DE CARTIER WEDDING RING B4232200无\主图\画板 25.jpg,621,,,,,
dummy_images\CARTIER\翻新\备份\20250625\4878 CARTIER C DE CARTIER WEDDING RING B4232200无\附图\4878 2.jpg,621,dummy_images\CARTIER\翻新\已整理\20250625\4878 CARTIER C DE CARTIER WEDDING RING B4232200无\附图\4878 2.jpg,,,,
dummy_images\CARTIER\翻新\备份\20250625\4878 CARTIER C DE CARTIER WEDDING RING B4232200无\附图\4878 3.jpg,621,dummy_images\CARTIER\翻新\已整理\20250625\4878 CARTIER C DE CARTIER WEDDING RING B4232200无\附图\4878 3.jpg,,,,
dummy_images\CARTIER\翻新\备份\20250625\4878 CARTIER C DE CARTIER WEDDING RING B4232200无\附图\4878 4.jpg,621,dummy_images\CARTIER\翻新\已整理\20250625\4878 CARTIER C DE CARTIER WEDDING RING B4232200无\附图\4878 4.jpg,,,,
"dummy_images\CARTIER\翻新\备份\20250625\4923 CARTIER D'AMOUR NECKLACE, SMALL MODEL B7215700\主图\画板 32.jpg",622,,,,,
"dummy_images\CARTIER\翻新\备份\20250625\4923 CARTIER D'AMOUR NECKLACE, SMALL MODEL B7215700\附图\4923 3.jpg",622,"dummy_images\CARTIER\翻新\已整理\20250625\4923 CARTIER D'AMOUR NECKLACE, SMALL MODEL B7215700\附图\4923 3.jpg",,,,
"dummy_images\CARTIER\翻新\备份\20250625\4923 CARTIER D'AMOUR NECKLACE, SMALL MODEL B7215700\附图\4923 4.jpg",622,"dummy_images\CARTIER\翻新\已整理\20250625\4923 CARTIER D'AMOUR NECKLACE, SMALL MODEL B7215700\附图\4923 4.jpg",,,,
"dummy_images\CARTIER\翻新\备份\20250625\4923 CARTIER D'AMOUR NECKLACE, SMALL MODEL B7215700\附图\4923 5.jpg",622,"dummy_images\CARTIER\翻新\已整理\20250625\4923 CARTIER D'AMOUR NECKLACE, SMALL MODEL B7215700\附图\4923 5.jpg",,,,
"dummy_images\CARTIER\翻新\备份\20250625\4925 CARTIER D'AMOUR NECKLACE, SMALL MODEL B7215900\主图\画板 34.jpg",623,,,,,
"dummy_images\CARTIER\翻新\备份\20250625\4925 CARTIER D'AMOUR NECKLACE, SMALL MODEL B7215900\附图\4925 3.jpg",623,"dummy_images\CARTIER\翻新\已整理\20250625\4925 CARTIER D'AMOUR NECKLACE, SMALL MODEL B7215900\附图\4925 3.jpg",,,,
"dummy_images\CARTIER\翻新\备份\20250625\4925 CARTIER D'AMOUR NECKLACE, SMALL MODEL B7215900\附图\4925 4.jpg",623,"dummy_images\CARTIER\翻新\已整理\20250625\4925 CARTIER D'AMOUR NECKLACE, SMALL MODEL B7215900\附图\4925 4.jpg",,,,
"dummy_images\CARTIER\翻新\备份\20250625\4925 CARTIER D'AMOUR NECKLACE, SMALL MODEL B7215900\附图\4925 5.jpg",623,"dummy_images\CARTIER\翻新\已整理\20250625\4925 CARTIER D'AMOUR NECKLACE, SMALL MODEL B7215900\附图\4925 5.jpg",,,,
dummy_images\CARTIER\翻新\备份\20250625\4931 CARTIER TRINITY NECKLACE B7223500\主图\画板 62.jpg,624,,,,,
dummy_images\CARTIER\翻新\备份\20250625\4931 CARTIER TRINITY NECKLACE B7223500\附图\4931 2.jpg,624,dummy_images\CARTIER\翻新\已整理\20250625\4931 CARTIER TRINITY NECKLACE B7223500\附图\4931 2.jpg,,,,
dummy_images\CARTIER\翻新\备份\20250625\4931 CARTIER TRINITY NECKLACE B7223500\附图\4931 3.jpg,624,dummy_images\CARTIER\翻新\已整理\20250625\4931 CARTIER TRINITY NECKLACE B7223500\附图\4931 3.jpg,,,,
dummy_images\CARTIER\翻新\备份\20250625\4931 CARTIER TRINITY NECKLACE B7223500\附图\4931 4.jpg,624,dummy_images\CARTIER\翻新\已整理\20250625\4931 CARTIER TRINITY NECKLACE B7223500\附图\4931 4.jpg,,,,
dummy_images\CARTIER\翻新\备份\20250625\4931 CARTIER TRINITY NECKLACE B7223500\附图\4931 5.jpg,624,dummy_images\CARTIER\翻新\已整理\20250625\4931 CARTIER TRINITY NECKLACE B7223500\附图\4931 5.jpg,,,,
"dummy_images\CARTIER\翻新\备份\20250626\4938 CARTIER D'AMOUR NECKLACE, LARGE MODEL B7215600无\主图\画板 4.jpg",625,,,,,
"dummy_images\CARTIER\翻新\备份\20250626\4938 CARTIER D'AMOUR NECKLACE, LARGE MODEL B7215600无\附图\4938 3.jpg",625,"dummy_images\CARTIER\翻新\已整理\20250626\4938 CARTIER D'AMOUR NECKLACE, LARGE MODEL B7215600无\附图\4938 3.jpg",,,,
"dummy_images\CARTIER\翻新\备份\20250626\4938 CARTIER D'AMOUR NECKLACE, LARGE MODEL B7215600无\附图\4938 4.jpg",625,"dummy_images\CARTIER\翻新\已整理\20250626\4938 CARTIER D'AMOUR NECKLACE, LARGE MODEL B7215600无\附图\4938 4.jpg",,,,
"dummy_images\CARTIER\翻新\备份\20250626\4938 CARTIER D'AMOUR NECKLACE, LARGE MODEL B7215600无\附图\4938 5.jpg",625,"dummy_images\CARTIER\翻新\已整理\20250626\4938 CARTIER D'AMOUR NECKLACE, LARGE MODEL B7215600无\附图\4938 5.jpg",,,,
"dummy_images\CARTIER\翻新\备份\20250626\4939 CARTIER D'AMOUR NECKLACE, LARGE MODEL B7215500无\主图\画板 5.jpg",626,,,,,
"dummy_images\CARTIER\翻新\备份\20250626\4939 CARTIER D'AMOUR NECKLACE, LARGE MODEL B7215500无\附图\4939 3.jpg",626,"dummy_images\CARTIER\翻新\已整理\20250626\4939 CARTIER D'AMOUR NECKLACE, LARGE MODEL B7215500无\附图\4939 3.jpg",,,,
"dummy_images\CARTIER\翻新\备份\20250626\4939 CARTIER D'AMOUR NECKLACE, LARGE MODEL B7215500无\附图\4939 4.jpg",626,"dummy_images\CARTIER\翻新\已整理\20250626\4939 CARTIER D'AMOUR NECKLACE, LARGE MODEL B7215500无\附图\4939 4.jpg",,,,
"dummy_images\CARTIER\翻新\备份\20250626\4939 CARTIER D'AMOUR NECKLACE, LARGE MODEL B7215500无\附图\4939 5.jpg",626,"dummy_images\CARTIER\翻新\已整理\20250626\4939 CARTIER D'AMOUR NECKLACE, LARGE MODEL B7215500无\附图\4939 5.jpg",,,,
"dummy_images\CARTIER\翻新\备份\20250626\4940 CARTIER LOVE NECKLACE, 2 DIAMONDS B7224509\主图\画板 6.jpg",627,,,,,
"dummy_images\CARTIER\翻新\备份\20250626\4940 CARTIER LOVE NECKLACE, 2 DIAMONDS B7224509\附图\4940 3.jpg",627,"dummy_images\CARTIER\翻新\已整理\20250626\4940 CARTIER LOVE NECKLACE, 2 DIAMONDS B7224509\附图\4940 3.jpg",,,,
"dummy_images\CARTIER\翻新\备份\20250626\4940 CARTIER LOVE NECKLACE, 2 DIAMONDS B7224509\附图\4940 4.jpg",627,"dummy_images\CARTIER\翻新\已整理\20250626\4940 CARTIER LOVE NECKLACE, 2 DIAMONDS B7224509\附图\4940 4.jpg",,,,
"dummy_images\CARTIER\翻新\备份\20250626\4940 CARTIER LOVE NECKLACE, 2 DIAMONDS B7224509\附图\4940 6.jpg",627,"dummy_images\CARTIER\翻新\已整理\20250626\4940 CARTIER LOVE NECKLACE, 2 DIAMONDS B7224509\附图\4940 6.jpg",,,,
dummy_images\CARTIER\翻新\备份\20250626\4950 CARTIER TRINITY NECKLACE B7224900\主图\画板 11.jpg,628,,,,,
dummy_images\CARTIER\翻新\备份\20250626\4950 CARTIER TRINITY NECKLACE B7224900\附图\4950 3.jpg,628,dummy_images\CARTIER\翻新\已整理\20250626\4950 CARTIER TRINITY NECKLACE B7224900无\附图\4950 3.jpg,,,,
dummy_images\CARTIER\翻新\备份\20250626\4950 CARTIER TRINITY NECKLACE B7224900\附图\4950 4.jpg,628,dummy_images\CARTIER\翻新\已整理\20250626\4950 CARTIER TRINITY NECKLACE B7224900无\附图\4950 4.jpg,,,,
dummy_images\CARTIER\翻新\备份\20250626\4950 CARTIER TRINITY NECKLACE B7224900\附图\4950 5.jpg,628,dummy_images\CARTIER\翻新\已整理\20250626\4950 CARTIER TRINITY NECKLACE B7224900无\附图\4950 5.jpg,,,,
dummy_images\CARTIER\翻新\备份\20250626\4951 CARTIER CARESSE D'ORCHIDéES PAR CARTIER NECKLACE B7224900\主图\画板 12.jpg,629,,,,,
dummy_images\CARTIER\翻新\备份\20250626\4951 CARTIER CARESSE D'ORCHIDéES PAR CARTIER NECKLACE B7224900\附图\4951 2.jpg,629,dummy_images\CARTIER\翻新\已整理\20250626\4951 CARTIER CARESSE D'ORCHIDéES PAR CARTIER NECKLACE B7015500\附图\4951 2.jpg,,,,
dummy_images\CARTIER\翻新\备份\20250626\4951 CARTIER CARESSE D'ORCHIDéES PAR CARTIER NECKLACE B7224900\附图\4951 3.jpg,629,dummy_images\CARTIER\翻新\已整理\20250626\4951 CARTIER CARESSE D'ORCHIDéES PAR CARTIER NECKLACE B7015500\附图\4951 3.jpg,,,,
dummy_images\CARTIER\翻新\备份\20250626\4951 CARTIER CARESSE D'ORCHIDéES PAR CARTIER NECKLACE B7224900\附图\4951 4.jpg,629,dummy_images\CARTIER\翻新\已整理\20250626\4951 CARTIER CARESSE D'ORCHIDéES PAR CARTIER NECKLACE B7015500\附图\4951 4.jpg,,,,
dummy_images\CARTIER\翻新\备份\20250626\4951 CARTIER CARESSE D'ORCHIDéES PAR CARTIER NECKLACE B7224900\附图\4951 5.jpg,629,dummy_images\CARTIER\翻新\已整理\20250626\4951 CARTIER CARESSE D'ORCHIDéES PAR CARTIER NECKLACE B7015500\附图\4951 5.jpg,,,,
dummy_images\CARTIER\翻新\备份\20250626\4952 CARTIER LOVE NECKLACE B7014200\主图\画板 13.jpg,630,,,,,
dummy_images\CARTIER\翻新\备份\20250626\4952 CARTIER LOVE NECKLACE B7014200\附图\4952 4.jpg,630,dummy_images\CARTIER\翻新\已整理\20250626\4952 CARTIER LOVE NECKLACE B7014200\附图\4952 4.jpg,,,,
dummy_images\CARTIER\翻新\备份\20250626\4952 CARTIER LOVE NECKLACE B7014200\附图\4952 5.jpg,630,dummy_images\CARTIER\翻新\已整理\20250626\4952 CARTIER LOVE NECKLACE B7014200\附图\4952 5.jpg,,,,
dummy_images\CARTIER\翻新\备份\20250626\4952 CARTIER LOVE NECKLACE B7014200\附图\4952 6.jpg,630,dummy_images\CARTIER\翻新\已整理\20250626\4952 CARTIER LOVE NECKLACE B7014200\附图\4952 6.jpg,,,,
dummy_images\CARTIER\翻新\备份\20250626\4953 CARTIER LOVE NECKLACE B7014400\主图\画板 14.jpg,631,,,,,
dummy_images\CARTIER\翻新\备份\20250626\4953 CARTIER LOVE NECKLACE B7014400\附图\4953 3.jpg,631,dummy_images\CARTIER\翻新\已整理\20250626\4953 CARTIER LOVE NECKLACE B7014400\附图\4953 3.jpg,,,,
dummy_images\CARTIER\翻新\备份\20250626\4953 CARTIER LOVE NECKLACE B7014400\附图\4953 4.jpg,631,dummy_images\CARTIER\翻新\已整理\20250626\4953 CARTIER LOVE NECKLACE B7014400\附图\4953 4.jpg,,,,
dummy_images\CARTIER\翻新\备份\20250626\4953 CARTIER LOVE NECKLACE B7014400\附图\4953 5.jpg,631,dummy_images\CARTIER\翻新\已整理\20250626\4953 CARTIER LOVE NECKLACE B7014400\附图\4953 5.jpg,,,,
dummy_images\CARTIER\翻新\备份\20250626\4953 CARTIER LOVE NECKLACE B7014400\附图\4953 6.jpg,631,dummy_images\CARTIER\翻新\已整理\20250626\4953 CARTIER LOVE NECKLACE B7014400\附图\4953 6.jpg,,,,
"dummy_images\CARTIER\翻新\备份\20250626\4955 CARTIER LOVE NECKLACE, 6 DIAMONDS B7219700\主图\画板 16.jpg",632,,,,,
"dummy_images\CARTIER\翻新\备份\20250626\4955 CARTIER LOVE NECKLACE, 6 DIAMONDS B7219700\附图\4955 3.jpg",632,"dummy_images\CARTIER\翻新\已整理\20250626\4955 CARTIER LOVE NECKLACE, 6 DIAMONDS B7219700\附图\4955 3.jpg",,,,
"dummy_images\CARTIER\翻新\备份\20250626\4955 CARTIER LOVE NECKLACE, 6 DIAMONDS B7219700\附图\4955 4.jpg",632,"dummy_images\CARTIER\翻新\已整理\20250626\4955 CARTIER LOVE NECKLACE, 6 DIAMONDS B7219700\附图\4955 4.jpg",,,,
"dummy_images\CARTIER\翻新\备份\20250626\4955 CARTIER LOVE NECKLACE, 6 DIAMONDS B7219700\附图\4955 5.jpg",632,"dummy_images\CARTIER\翻新\已整理\20250626\4955 CARTIER LOVE NECKLACE, 6 DIAMONDS B7219700\附图\4955 5.jpg",,,,
"dummy_images\CARTIER\翻新\备份\20250626\4957 CARTIER AMULETTE DE CARTIER NECKLACE, SMALL MODEL B7224559\主图\画板 17.jpg",633,,,,,
"dummy_images\CARTIER\翻新\备份\20250626\4957 CARTIER AMULETTE DE CARTIER NECKLACE, SMALL MODEL B7224559\附图\4957 3.jpg",633,"dummy_images\CARTIER\翻新\已整理\20250626\4957 CARTIER AMULETTE DE CARTIER NECKLACE, SMALL MODEL B7224559\附图\4957 3.jpg",,,,
"dummy_images\CARTIER\翻新\备份\20250626\4957 CARTIER AMULETTE DE CARTIER NECKLACE, SMALL MODEL B7224559\附图\4957 4.jpg",633,"dummy_images\CARTIER\翻新\已整理\20250626\4957 CARTIER AMULETTE DE CARTIER NECKLACE, SMALL MODEL B7224559\附图\4957 4.jpg",,,,
"dummy_images\CARTIER\翻新\备份\20250626\4957 CARTIER AMULETTE DE CARTIER NECKLACE, SMALL MODEL B7224559\附图\4957 5.jpg",633,"dummy_images\CARTIER\翻新\已整理\20250626\4957 CARTIER AMULETTE DE CARTIER NECKLACE, SMALL MODEL B7224559\附图\4957 5.jpg",,,,
dummy_images\CARTIER\翻新\备份\20250626\4959 CARTIER LOVE PENDANT B7014300\主图\画板 18.jpg,634,,,,,
dummy_images\CARTIER\翻新\备份\20250626\4959 CARTIER LOVE PENDANT B7014300\附图\4959 3.jpg,634,dummy_images\CARTIER\翻新\已整理\20250626\4959 CARTIER LOVE PENDANT B7014300\附图\4959 3.jpg,,,,
dummy_images\CARTIER\翻新\备份\20250626\4959 CARTIER LOVE PENDANT B7014300\附图\4959 4.jpg,634,dummy_images\CARTIER\翻新\已整理\20250626\4959 CARTIER LOVE PENDANT B7014300\附图\4959 4.jpg,,,,
dummy_images\CARTIER\翻新\备份\20250626\4959 CARTIER LOVE PENDANT B7014300\附图\4959 5.jpg,634,dummy_images\CARTIER\翻新\已整理\20250626\4959 CARTIER LOVE PENDANT B7014300\附图\4959 5.jpg,,,,
dummy_images\CARTIER\翻新\备份\20250626\4960 CARTIER CLASH DE CARTIER NECKLACE MEDIUM MODEL B7224745\主图\画板 19.jpg,635,,,,,
dummy_images\CARTIER\翻新\备份\20250626\4960 CARTIER CLASH DE CARTIER NECKLACE MEDIUM MODEL B7224745\附图\4960 3.jpg,635,dummy_images\CARTIER\翻新\已整理\20250626\4960 CARTIER CLASH DE CARTIER NECKLACE MEDIUM MODEL B7224745\附图\4960 3.jpg,,,,
dummy_images\CARTIER\翻新\备份\20250626\4960 CARTIER CLASH DE CARTIER NECKLACE MEDIUM MODEL B7224745\附图\4960 4.jpg,635,dummy_images\CARTIER\翻新\已整理\20250626\4960 CARTIER CLASH DE CARTIER NECKLACE MEDIUM MODEL B7224745\附图\4960 4.jpg,,,,
dummy_images\CARTIER\翻新\备份\20250626\4960 CARTIER CLASH DE CARTIER NECKLACE MEDIUM MODEL B7224745\附图\4960 5.jpg,635,dummy_images\CARTIER\翻新\已整理\20250626\4960 CARTIER CLASH DE CARTIER NECKLACE MEDIUM MODEL B7224745\附图\4960 5.jpg,,,,
dummy_images\CARTIER\翻新\备份\20250626\4964 CARTIER JUSTE UN CLOU NECKLACE B7224513\主图\画板 21.jpg,636,,,,,
dummy_images\CARTIER\翻新\备份\20250626\4964 CARTIER JUSTE UN CLOU NECKLACE B7224513\附图\4964 3.jpg,636,dummy_images\CARTIER\翻新\已整理\20250626\4964 CARTIER JUSTE UN CLOU NECKLACE B7224513\附图\4964 3.jpg,,,,
dummy_images\CARTIER\翻新\备份\20250626\4964 CARTIER JUSTE UN CLOU NECKLACE B7224513\附图\4964 4.jpg,636,dummy_images\CARTIER\翻新\已整理\20250626\4964 CARTIER JUSTE UN CLOU NECKLACE B7224513\附图\4964 4.jpg,,,,
dummy_images\CARTIER\翻新\备份\20250626\4964 CARTIER JUSTE UN CLOU NECKLACE B7224513\附图\4964 5.jpg,636,dummy_images\CARTIER\翻新\已整理\20250626\4964 CARTIER JUSTE UN CLOU NECKLACE B7224513\附图\4964 5.jpg,,,,
"dummy_images\CARTIER\翻新\备份\20250626\4966 CARTIER LOVE PENDANT, 3 DIAMONDS B7014700\主图\画板 23.jpg",637,,,,,
"dummy_images\CARTIER\翻新\备份\20250626\4966 CARTIER LOVE PENDANT, 3 DIAMONDS B7014700\附图\4966 3.jpg",637,"dummy_images\CARTIER\翻新\已整理\20250626\4966 CARTIER LOVE PENDANT, 3 DIAMONDS B7014700\附图\4966 3.jpg",,,,
"dummy_images\CARTIER\翻新\备份\20250626\4966 CARTIER LOVE PENDANT, 3 DIAMONDS B7014700\附图\4966 4.jpg",637,"dummy_images\CARTIER\翻新\已整理\20250626\4966 CARTIER LOVE PENDANT, 3 DIAMONDS B7014700\附图\4966 4.jpg",,,,
"dummy_images\CARTIER\翻新\备份\20250626\4966 CARTIER LOVE PENDANT, 3 DIAMONDS B7014700\附图\4966 5.jpg",637,"dummy_images\CARTIER\翻新\已整理\20250626\4966 CARTIER LOVE PENDANT, 3 DIAMONDS B7014700\附图\4966 5.jpg",,,,
dummy_images\CARTIER\翻新\备份\20250626\4967 CARTIER JUSTE UN CLOU NECKLACE B7014700\主图\画板 24.jpg,638,,,,,
dummy_images\CARTIER\翻新\备份\20250626\4967 CARTIER JUSTE UN CLOU NECKLACE B7014700\附图\4967 3.jpg,638,dummy_images\CARTIER\翻新\已整理\20250626\4967 CARTIER JUSTE UN CLOU NECKLACE B7224514\附图\4967 3.jpg,,,,
dummy_images\CARTIER\翻新\备份\20250626\4967 CARTIER JUSTE UN CLOU NECKLACE B7014700\附图\4967 4.jpg,638,dummy_images\CARTIER\翻新\已整理\20250626\4967 CARTIER JUSTE UN CLOU NECKLACE B7224514\附图\4967 4.jpg,,,,
dummy_images\CARTIER\翻新\备份\20250626\4967 CARTIER JUSTE UN CLOU NECKLACE B7014700\附图\4967 5.jpg,638,dummy_images\CARTIER\翻新\已整理\20250626\4967 CARTIER JUSTE UN CLOU NECKLACE B7224514\附图\4967 5.jpg,,,,
"dummy_images\CARTIER\翻新\备份\20250626\4970 CARTIER LOVE NECKLACE, 3 DIAMONDS B7014600\主图\画板 27.jpg",639,,,,,
"dummy_images\CARTIER\翻新\备份\20250626\4970 CARTIER LOVE NECKLACE, 3 DIAMONDS B7014600\附图\4970 2.jpg",639,"dummy_images\CARTIER\翻新\已整理\20250626\4970 CARTIER LOVE NECKLACE, 3 DIAMONDS B7014600\附图\4970 2.jpg",,,,
"dummy_images\CARTIER\翻新\备份\20250626\4970 CARTIER LOVE NECKLACE, 3 DIAMONDS B7014600\附图\4970 3.jpg",639,"dummy_images\CARTIER\翻新\已整理\20250626\4970 CARTIER LOVE NECKLACE, 3 DIAMONDS B7014600\附图\4970 3.jpg",,,,
"dummy_images\CARTIER\翻新\备份\20250626\4970 CARTIER LOVE NECKLACE, 3 DIAMONDS B7014600\附图\4970 4.jpg",639,"dummy_images\CARTIER\翻新\已整理\20250626\4970 CARTIER LOVE NECKLACE, 3 DIAMONDS B7014600\附图\4970 4.jpg",,,,
"dummy_images\CARTIER\翻新\备份\20250626\4970 CARTIER LOVE NECKLACE, 3 DIAMONDS B7014600\附图\4970 5.jpg",639,"dummy_images\CARTIER\翻新\已整理\20250626\4970 CARTIER LOVE NECKLACE, 3 DIAMONDS B7014600\附图\4970 5.jpg",,,,
dummy_images\CARTIER\翻新\备份\20250626\4981 CARTIER TRINITY NECKLACE B7058500\主图\画板 34.jpg,640,,,,,
dummy_images\CARTIER\翻新\备份\20250626\4981 CARTIER TRINITY NECKLACE B7058500\附图\4981 3.jpg,640,dummy_images\CARTIER\翻新\已整理\20250626\4981 CARTIER TRINITY NECKLACE B7058500\附图\4981 3.jpg,,,,
dummy_images\CARTIER\翻新\备份\20250626\4981 CARTIER TRINITY NECKLACE B7058500\附图\4981 4.jpg,640,dummy_images\CARTIER\翻新\已整理\20250626\4981 CARTIER TRINITY NECKLACE B7058500\附图\4981 4.jpg,,,,
dummy_images\CARTIER\翻新\备份\20250626\4981 CARTIER TRINITY NECKLACE B7058500\附图\4981 5.jpg,640,dummy_images\CARTIER\翻新\已整理\20250626\4981 CARTIER TRINITY NECKLACE B7058500\附图\4981 5.jpg,,,,
"dummy_images\CARTIER\翻新\备份\20250627\4946 CARTIER LOVE NECKLACE, 2 DIAMONDS B7219400无\主图\画板 1.jpg",641,,,,,
"dummy_images\CARTIER\翻新\备份\20250627\4946 CARTIER LOVE NECKLACE, 2 DIAMONDS B7219400无\附图\4946 3.jpg",641,"dummy_images\CARTIER\翻新\已整理\20250627\4946 CARTIER LOVE NECKLACE, 2 DIAMONDS B7219400无\附图\4946 3.jpg",,,,
"dummy_images\CARTIER\翻新\备份\20250627\4946 CARTIER LOVE NECKLACE, 2 DIAMONDS B7219400无\附图\4946 4.jpg",641,"dummy_images\CARTIER\翻新\已整理\20250627\4946 CARTIER LOVE NECKLACE, 2 DIAMONDS B7219400无\附图\4946 4.jpg",,,,
"dummy_images\CARTIER\翻新\备份\20250627\4946 CARTIER LOVE NECKLACE, 2 DIAMONDS B7219400无\附图\4946 5.jpg",641,"dummy_images\CARTIER\翻新\已整理\20250627\4946 CARTIER LOVE NECKLACE, 2 DIAMONDS B7219400无\附图\4946 5.jpg",,,,
dummy_images\CARTIER\翻新\备份\20250627\5048 CARTIER CARTIER D'AMOUR NECKLACE B7218400\主图\画板 18.jpg,642,,,,,
dummy_images\CARTIER\翻新\备份\20250627\5048 CARTIER CARTIER D'AMOUR NECKLACE B7218400\附图\5048 3.jpg,642,dummy_images\CARTIER\翻新\已整理\20250627\5048 CARTIER CARTIER D'AMOUR NECKLACE B7218400\附图\5048 3.jpg,,,,
dummy_images\CARTIER\翻新\备份\20250627\5048 CARTIER CARTIER D'AMOUR NECKLACE B7218400\附图\5048 4.jpg,642,dummy_images\CARTIER\翻新\已整理\20250627\5048 CARTIER CARTIER D'AMOUR NECKLACE B7218400\附图\5048 4.jpg,,,,
dummy_images\CARTIER\翻新\备份\20250627\5048 CARTIER CARTIER D'AMOUR NECKLACE B7218400\附图\5048 5.jpg,642,dummy_images\CARTIER\翻新\已整理\20250627\5048 CARTIER CARTIER D'AMOUR NECKLACE B7218400\附图\5048 5.jpg,,,,
dummy_images\CARTIER\翻新\备份\20250627\5050 CARTIER C DE CARTIER NECKLACE B7059000\主图\画板 20.jpg,643,,,,,
dummy_images\CARTIER\翻新\备份\20250627\5050 CARTIER C DE CARTIER NECKLACE B7059000\附图\5050 3.jpg,643,dummy_images\CARTIER\翻新\已整理\20250627\5050 CARTIER C DE CARTIER NECKLACE B7059000\附图\5050 3.jpg,,,,
dummy_images\CARTIER\翻新\备份\20250627\5050 CARTIER C DE CARTIER NECKLACE B7059000\附图\5050 4.jpg,643,dummy_images\CARTIER\翻新\已整理\20250627\5050 CARTIER C DE CARTIER NECKLACE B7059000\附图\5050 4.jpg,,,,
dummy_images\CARTIER\翻新\备份\20250627\5050 CARTIER C DE CARTIER NECKLACE B7059000\附图\5050 5.jpg,643,dummy_images\CARTIER\翻新\已整理\20250627\5050 CARTIER C DE CARTIER NECKLACE B7059000\附图\5050 5.jpg,,,,
dummy_images\CARTIER\翻新\备份\20250627\5065 CARTIER PANTHèRE DE CARTIER NECKLACE N7424211无\主图\画板 25.jpg,644,,,,,
dummy_images\CARTIER\翻新\备份\20250627\5065 CARTIER PANTHèRE DE CARTIER NECKLACE N7424211无\附图\5065 1.jpg,644,dummy_images\CARTIER\翻新\已整理\20250627\5065 CARTIER PANTHèRE DE CARTIER NECKLACE N7424211无\附图\5065 1.jpg,,,,
dummy_images\CARTIER\翻新\备份\20250627\5065 CARTIER PANTHèRE DE CARTIER NECKLACE N7424211无\附图\5065 2.jpg,644,dummy_images\CARTIER\翻新\已整理\20250627\5065 CARTIER PANTHèRE DE CARTIER NECKLACE N7424211无\附图\5065 2.jpg,,,,
dummy_images\CARTIER\翻新\备份\20250627\5065 CARTIER PANTHèRE DE CARTIER NECKLACE N7424211无\附图\5065 3.jpg,644,dummy_images\CARTIER\翻新\已整理\20250627\5065 CARTIER PANTHèRE DE CARTIER NECKLACE N7424211无\附图\5065 3.jpg,,,,
"dummy_images\CARTIER\翻新\备份\20250627\5115 CARTIER CARTIER D'AMOUR NECKLACE, SMALL MODEL B7215800无\主图\画板 28.jpg",645,,,,,
"dummy_images\CARTIER\翻新\备份\20250627\5115 CARTIER CARTIER D'AMOUR NECKLACE, SMALL MODEL B7215800无\附图\5115 3.jpg",645,"dummy_images\CARTIER\翻新\已整理\20250627\5115 CARTIER CARTIER D'AMOUR NECKLACE, SMALL MODEL B7215800无\附图\5115 3.jpg",,,,
"dummy_images\CARTIER\翻新\备份\20250627\5115 CARTIER CARTIER D'AMOUR NECKLACE, SMALL MODEL B7215800无\附图\5115 4.jpg",645,"dummy_images\CARTIER\翻新\已整理\20250627\5115 CARTIER CARTIER D'AMOUR NECKLACE, SMALL MODEL B7215800无\附图\5115 4.jpg",,,,
"dummy_images\CARTIER\翻新\备份\20250627\5115 CARTIER CARTIER D'AMOUR NECKLACE, SMALL MODEL B7215800无\附图\5115 5.jpg",645,"dummy_images\CARTIER\翻新\已整理\20250627\5115 CARTIER CARTIER D'AMOUR NECKLACE, SMALL MODEL B7215800无\附图\5115 5.jpg",,,,
dummy_images\CARTIER\翻新\备份\20250627\5117 CARTIER TRINITY NECKLACE B7224574\主图\画板 30.jpg,646,,,,,
dummy_images\CARTIER\翻新\备份\20250627\5117 CARTIER TRINITY NECKLACE B7224574\附图\5117 3.jpg,646,dummy_images\CARTIER\翻新\已整理\20250627\5117 CARTIER TRINITY NECKLACE B7224574\附图\5117 3.jpg,,,,
dummy_images\CARTIER\翻新\备份\20250627\5117 CARTIER TRINITY NECKLACE B7224574\附图\5117 4.jpg,646,dummy_images\CARTIER\翻新\已整理\20250627\5117 CARTIER TRINITY NECKLACE B7224574\附图\5117 4.jpg,,,,
dummy_images\CARTIER\翻新\备份\20250627\5117 CARTIER TRINITY NECKLACE B7224574\附图\5117 5.jpg,646,dummy_images\CARTIER\翻新\已整理\20250627\5117 CARTIER TRINITY NECKLACE B7224574\附图\5117 5.jpg,,,,
dummy_images\CARTIER\翻新\备份\20250628\5195 CARTIER LOVE SINGLE EARRING B8301423\主图\画板 9.jpg,647,,,,,
dummy_images\CARTIER\翻新\备份\20250628\5195 CARTIER LOVE SINGLE EARRING B8301423\附图\5195 2.jpg,647,dummy_images\CARTIER\翻新\已整理\20250628\5195 CARTIER LOVE SINGLE EARRING B8301423\附图\5195 2.jpg,,,,
dummy_images\CARTIER\翻新\备份\20250628\5195 CARTIER LOVE SINGLE EARRING B8301423\附图\5195 3.jpg,647,dummy_images\CARTIER\翻新\已整理\20250628\5195 CARTIER LOVE SINGLE EARRING B8301423\附图\5195 3.jpg,,,,
dummy_images\CARTIER\翻新\备份\20250628\5195 CARTIER LOVE SINGLE EARRING B8301423\附图\5195 4.jpg,647,dummy_images\CARTIER\翻新\已整理\20250628\5195 CARTIER LOVE SINGLE EARRING B8301423\附图\5195 4.jpg,,,,
"dummy_images\CARTIER\翻新\备份\20250628\5212 CARTIER TRINITY EARRINGS, CLASSIC MODEL 80083231\主图\画板 21.jpg",648,,,,,
"dummy_images\CARTIER\翻新\备份\20250628\5212 CARTIER TRINITY EARRINGS, CLASSIC MODEL 80083231\附图\5212 3.jpg",648,"dummy_images\CARTIER\翻新\已整理\20250628\5212 CARTIER TRINITY EARRINGS, CLASSIC MODEL 80083231\附图\5212 3.jpg",,,,
"dummy_images\CARTIER\翻新\备份\20250628\5212 CARTIER TRINITY EARRINGS, CLASSIC MODEL 80083231\附图\5212 4.jpg",648,"dummy_images\CARTIER\翻新\已整理\20250628\5212 CARTIER TRINITY EARRINGS, CLASSIC MODEL 80083231\附图\5212 4.jpg",,,,
"dummy_images\CARTIER\翻新\备份\20250628\5212 CARTIER TRINITY EARRINGS, CLASSIC MODEL 80083231\附图\5212 5.jpg",648,"dummy_images\CARTIER\翻新\已整理\20250628\5212 CARTIER TRINITY EARRINGS, CLASSIC MODEL 80083231\附图\5212 5.jpg",,,,
dummy_images\CARTIER\翻新\备份\20250628\5229 CARTIER ECROU DE CARTIER EARRINGS B8301408无\主图\画板 29.jpg,649,,,,,
dummy_images\CARTIER\翻新\备份\20250628\5229 CARTIER ECROU DE CARTIER EARRINGS B8301408无\附图\5229 3.jpg,649,dummy_images\CARTIER\翻新\已整理\20250628\5229 CARTIER ECROU DE CARTIER EARRINGS B8301408无\附图\5229 3.jpg,,,,
dummy_images\CARTIER\翻新\备份\20250628\5229 CARTIER ECROU DE CARTIER EARRINGS B8301408无\附图\5229 4.jpg,649,dummy_images\CARTIER\翻新\已整理\20250628\5229 CARTIER ECROU DE CARTIER EARRINGS B8301408无\附图\5229 4.jpg,,,,
dummy_images\CARTIER\翻新\备份\20250628\5229 CARTIER ECROU DE CARTIER EARRINGS B8301408无\附图\5229 5.jpg,649,dummy_images\CARTIER\翻新\已整理\20250628\5229 CARTIER ECROU DE CARTIER EARRINGS B8301408无\附图\5229 5.jpg,,,,
dummy_images\CARTIER\翻新\备份\20250628\5231 CARTIER TRINITY EARRINGS B8045300\主图\画板 30.jpg,650,,,,,
dummy_images\CARTIER\翻新\备份\20250628\5231 CARTIER TRINITY EARRINGS B8045300\附图\5231 3.jpg,650,dummy_images\CARTIER\翻新\已整理\20250628\5231 CARTIER TRINITY EARRINGS B8045300\附图\5231 3.jpg,,,,
dummy_images\CARTIER\翻新\备份\20250628\5231 CARTIER TRINITY EARRINGS B8045300\附图\5231 4.jpg,650,dummy_images\CARTIER\翻新\已整理\20250628\5231 CARTIER TRINITY EARRINGS B8045300\附图\5231 4.jpg,,,,
dummy_images\CARTIER\翻新\备份\20250628\5231 CARTIER TRINITY EARRINGS B8045300\附图\5231 5.jpg,650,dummy_images\CARTIER\翻新\已整理\20250628\5231 CARTIER TRINITY EARRINGS B8045300\附图\5231 5.jpg,,,,
"dummy_images\CARTIER\翻新\备份\20250630\5232 CARTIER JUSTE UN CLOU HOOP EARRINGS, SMALL MODEL, PAVED B8301430无\主图\画板 1.jpg",651,,,,,
"dummy_images\CARTIER\翻新\备份\20250630\5232 CARTIER JUSTE UN CLOU HOOP EARRINGS, SMALL MODEL, PAVED B8301430无\附图\5232 3.jpg",651,"dummy_images\CARTIER\翻新\已整理\20250630\5232 CARTIER JUSTE UN CLOU HOOP EARRINGS, SMALL MODEL, PAVED B8301430无\附图\5232 3.jpg",,,,
"dummy_images\CARTIER\翻新\备份\20250630\5232 CARTIER JUSTE UN CLOU HOOP EARRINGS, SMALL MODEL, PAVED B8301430无\附图\5232 4.jpg",651,"dummy_images\CARTIER\翻新\已整理\20250630\5232 CARTIER JUSTE UN CLOU HOOP EARRINGS, SMALL MODEL, PAVED B8301430无\附图\5232 4.jpg",,,,
"dummy_images\CARTIER\翻新\备份\20250630\5232 CARTIER JUSTE UN CLOU HOOP EARRINGS, SMALL MODEL, PAVED B8301430无\附图\5232 5.jpg",651,"dummy_images\CARTIER\翻新\已整理\20250630\5232 CARTIER JUSTE UN CLOU HOOP EARRINGS, SMALL MODEL, PAVED B8301430无\附图\5232 5.jpg",,,,
"dummy_images\CARTIER\翻新\备份\20250630\5233 CARTIER JUSTE UN CLOU HOOP EARRINGS, SMALL MODEL, PAVED B8301431\主图\画板 2.jpg",652,,,,,
"dummy_images\CARTIER\翻新\备份\20250630\5233 CARTIER JUSTE UN CLOU HOOP EARRINGS, SMALL MODEL, PAVED B8301431\附图\5233 2.jpg",652,"dummy_images\CARTIER\翻新\已整理\20250630\5233 CARTIER JUSTE UN CLOU HOOP EARRINGS, SMALL MODEL, PAVED B8301431\附图\5233 2.jpg",,,,
"dummy_images\CARTIER\翻新\备份\20250630\5233 CARTIER JUSTE UN CLOU HOOP EARRINGS, SMALL MODEL, PAVED B8301431\附图\5233 3.jpg",652,"dummy_images\CARTIER\翻新\已整理\20250630\5233 CARTIER JUSTE UN CLOU HOOP EARRINGS, SMALL MODEL, PAVED B8301431\附图\5233 3.jpg",,,,
"dummy_images\CARTIER\翻新\备份\20250630\5233 CARTIER JUSTE UN CLOU HOOP EARRINGS, SMALL MODEL, PAVED B8301431\附图\5233 4.jpg",652,"dummy_images\CARTIER\翻新\已整理\20250630\5233 CARTIER JUSTE UN CLOU HOOP EARRINGS, SMALL MODEL, PAVED B8301431\附图\5233 4.jpg",,,,
"dummy_images\CARTIER\翻新\备份\20250630\5235 CARTIER JUSTE UN CLOU HOOP EARRINGS, LARGE MODEL, DIAMONDS B8301212\主图\画板 3.jpg",653,,,,,
"dummy_images\CARTIER\翻新\备份\20250630\5235 CARTIER JUSTE UN CLOU HOOP EARRINGS, LARGE MODEL, DIAMONDS B8301212\附图\5235 3.jpg",653,"dummy_images\CARTIER\翻新\已整理\20250630\5235 CARTIER JUSTE UN CLOU HOOP EARRINGS, LARGE MODEL, DIAMONDS B8301212\附图\5235 3.jpg",,,,
"dummy_images\CARTIER\翻新\备份\20250630\5235 CARTIER JUSTE UN CLOU HOOP EARRINGS, LARGE MODEL, DIAMONDS B8301212\附图\5235 4.jpg",653,"dummy_images\CARTIER\翻新\已整理\20250630\5235 CARTIER JUSTE UN CLOU HOOP EARRINGS, LARGE MODEL, DIAMONDS B8301212\附图\5235 4.jpg",,,,
"dummy_images\CARTIER\翻新\备份\20250630\5235 CARTIER JUSTE UN CLOU HOOP EARRINGS, LARGE MODEL, DIAMONDS B8301212\附图\5235 5.jpg",653,"dummy_images\CARTIER\翻新\已整理\20250630\5235 CARTIER JUSTE UN CLOU HOOP EARRINGS, LARGE MODEL, DIAMONDS B8301212\附图\5235 5.jpg",,,,
"dummy_images\CARTIER\翻新\备份\20250630\5236 CARTIER JUSTE UN CLOU HOOP EARRINGS, LARGE MODEL, DIAMONDS B8301225无\主图\画板 4.jpg",654,,,,,
"dummy_images\CARTIER\翻新\备份\20250630\5236 CARTIER JUSTE UN CLOU HOOP EARRINGS, LARGE MODEL, DIAMONDS B8301225无\附图\5236 3.jpg",654,"dummy_images\CARTIER\翻新\已整理\20250630\5236 CARTIER JUSTE UN CLOU HOOP EARRINGS, LARGE MODEL, DIAMONDS B8301225无\附图\5236 3.jpg",,,,
"dummy_images\CARTIER\翻新\备份\20250630\5236 CARTIER JUSTE UN CLOU HOOP EARRINGS, LARGE MODEL, DIAMONDS B8301225无\附图\5236 4.jpg",654,"dummy_images\CARTIER\翻新\已整理\20250630\5236 CARTIER JUSTE UN CLOU HOOP EARRINGS, LARGE MODEL, DIAMONDS B8301225无\附图\5236 4.jpg",,,,
"dummy_images\CARTIER\翻新\备份\20250630\5236 CARTIER JUSTE UN CLOU HOOP EARRINGS, LARGE MODEL, DIAMONDS B8301225无\附图\5236 5.jpg",654,"dummy_images\CARTIER\翻新\已整理\20250630\5236 CARTIER JUSTE UN CLOU HOOP EARRINGS, LARGE MODEL, DIAMONDS B8301225无\附图\5236 5.jpg",,,,
dummy_images\CARTIER\翻新\备份\20250630\5255 CARTIER ETINCELLE DE CARTIER EARRINGS N8515096无\主图\画板 10.jpg,655,,,,,
dummy_images\CARTIER\翻新\备份\20250630\5255 CARTIER ETINCELLE DE CARTIER EARRINGS N8515096无\附图\5255 1.jpg,655,dummy_images\CARTIER\翻新\已整理\20250630\5255 CARTIER ETINCELLE DE CARTIER EARRINGS N8515096无\附图\5255 1.jpg,,,,
dummy_images\CARTIER\翻新\备份\20250630\5255 CARTIER ETINCELLE DE CARTIER EARRINGS N8515096无\附图\5255 2.jpg,655,dummy_images\CARTIER\翻新\已整理\20250630\5255 CARTIER ETINCELLE DE CARTIER EARRINGS N8515096无\附图\5255 2.jpg,,,,
dummy_images\CARTIER\翻新\备份\20250630\5255 CARTIER ETINCELLE DE CARTIER EARRINGS N8515096无\附图\5255 3.jpg,655,dummy_images\CARTIER\翻新\已整理\20250630\5255 CARTIER ETINCELLE DE CARTIER EARRINGS N8515096无\附图\5255 3.jpg,,,,
dummy_images\CARTIER\翻新\备份\20250630\5256 CARTIER ETINCELLE DE CARTIER EARRINGS N8515095\主图\画板 11.jpg,656,,,,,
dummy_images\CARTIER\翻新\备份\20250630\5256 CARTIER ETINCELLE DE CARTIER EARRINGS N8515095\附图\5256 2.jpg,656,dummy_images\CARTIER\翻新\已整理\20250630\5256 CARTIER ETINCELLE DE CARTIER EARRINGS N8515095\附图\5256 2.jpg,,,,
dummy_images\CARTIER\翻新\备份\20250630\5256 CARTIER ETINCELLE DE CARTIER EARRINGS N8515095\附图\5256 3.jpg,656,dummy_images\CARTIER\翻新\已整理\20250630\5256 CARTIER ETINCELLE DE CARTIER EARRINGS N8515095\附图\5256 3.jpg,,,,
dummy_images\CARTIER\翻新\备份\20250630\5256 CARTIER ETINCELLE DE CARTIER EARRINGS N8515095\附图\5256 4.jpg,656,dummy_images\CARTIER\翻新\已整理\20250630\5256 CARTIER ETINCELLE DE CARTIER EARRINGS N8515095\附图\5256 4.jpg,,,,
dummy_images\CARTIER\翻新\备份\20250630\5294 CARTIER ETINCELLE DE CARTIER EARRINGS N8515098无\主图\画板 14.jpg,657,,,,,
dummy_images\CARTIER\翻新\备份\20250630\5294 CARTIER ETINCELLE DE CARTIER EARRINGS N8515098无\附图\5294 2.jpg,657,dummy_images\CARTIER\翻新\已整理\20250630\5294 CARTIER ETINCELLE DE CARTIER EARRINGS N8515098无\附图\5294 2.jpg,,,,
dummy_images\CARTIER\翻新\备份\20250630\5294 CARTIER ETINCELLE DE CARTIER EARRINGS N8515098无\附图\5294 3.jpg,657,dummy_images\CARTIER\翻新\已整理\20250630\5294 CARTIER ETINCELLE DE CARTIER EARRINGS N8515098无\附图\5294 3.jpg,,,,
dummy_images\CARTIER\翻新\备份\20250630\5294 CARTIER ETINCELLE DE CARTIER EARRINGS N8515098无\附图\5294 4.jpg,657,dummy_images\CARTIER\翻新\已整理\20250630\5294 CARTIER ETINCELLE DE CARTIER EARRINGS N8515098无\附图\5294 4.jpg,,,,
dummy_images\CARTIER\翻新\备份\20250630\5294 CARTIER ETINCELLE DE CARTIER EARRINGS N8515098无\附图\5294 5.jpg,657,dummy_images\CARTIER\翻新\已整理\20250630\5294 CARTIER ETINCELLE DE CARTIER EARRINGS N8515098无\附图\5294 5.jpg,,,,
dummy_images\CARTIER\翻新\备份\20250630\5315 CARTIER CLASH DE CARTIER EARRINGS B8301478\主图\画板 16.jpg,658,,,,,
dummy_images\CARTIER\翻新\备份\20250630\5315 CARTIER CLASH DE CARTIER EARRINGS B8301478\附图\5315 2.jpg,658,dummy_images\CARTIER\翻新\已整理\20250630\5315 CARTIER CLASH DE CARTIER EARRINGS B8301478\附图\5315 2.jpg,,,,
dummy_images\CARTIER\翻新\备份\20250630\5315 CARTIER CLASH DE CARTIER EARRINGS B8301478\附图\5315 3.jpg,658,dummy_images\CARTIER\翻新\已整理\20250630\5315 CARTIER CLASH DE CARTIER EARRINGS B8301478\附图\5315 3.jpg,,,,
dummy_images\CARTIER\翻新\备份\20250630\5315 CARTIER CLASH DE CARTIER EARRINGS B8301478\附图\5315 4.jpg,658,dummy_images\CARTIER\翻新\已整理\20250630\5315 CARTIER CLASH DE CARTIER EARRINGS B8301478\附图\5315 4.jpg,,,,
dummy_images\CARTIER\翻新\备份\20250630\5315 CARTIER CLASH DE CARTIER EARRINGS B8301478\附图\5315 5.jpg,658,dummy_images\CARTIER\翻新\已整理\20250630\5315 CARTIER CLASH DE CARTIER EARRINGS B8301478\附图\5315 5.jpg,,,,
dummy_images\CARTIER\翻新\备份\20250630\5318 CARTIER AGRAFE EARRINGS N8515226无\主图\画板 17.jpg,659,,,,,
dummy_images\CARTIER\翻新\备份\20250630\5318 CARTIER AGRAFE EARRINGS N8515226无\附图\5318 2.jpg,659,dummy_images\CARTIER\翻新\已整理\20250630\5318 CARTIER AGRAFE EARRINGS N8515226无\附图\5318 2.jpg,,,,
dummy_images\CARTIER\翻新\备份\20250630\5318 CARTIER AGRAFE EARRINGS N8515226无\附图\5318 3.jpg,659,dummy_images\CARTIER\翻新\已整理\20250630\5318 CARTIER AGRAFE EARRINGS N8515226无\附图\5318 3.jpg,,,,
dummy_images\CARTIER\翻新\备份\20250630\5318 CARTIER AGRAFE EARRINGS N8515226无\附图\5318 4.jpg,659,dummy_images\CARTIER\翻新\已整理\20250630\5318 CARTIER AGRAFE EARRINGS N8515226无\附图\5318 4.jpg,,,,
"dummy_images\CARTIER\翻新\备份\20250630\5325 CARTIER JUSTE UN CLOU HOOP EARRINGS, SMALL MODEL, PAVED B8301429无\主图\画板 20.jpg",660,,,,,
"dummy_images\CARTIER\翻新\备份\20250630\5325 CARTIER JUSTE UN CLOU HOOP EARRINGS, SMALL MODEL, PAVED B8301429无\附图\5325 2.jpg",660,"dummy_images\CARTIER\翻新\已整理\20250630\5325 CARTIER JUSTE UN CLOU HOOP EARRINGS, SMALL MODEL, PAVED B8301429无\附图\5325 2.jpg",,,,
"dummy_images\CARTIER\翻新\备份\20250630\5325 CARTIER JUSTE UN CLOU HOOP EARRINGS, SMALL MODEL, PAVED B8301429无\附图\5325 3.jpg",660,"dummy_images\CARTIER\翻新\已整理\20250630\5325 CARTIER JUSTE UN CLOU HOOP EARRINGS, SMALL MODEL, PAVED B8301429无\附图\5325 3.jpg",,,,
"dummy_images\CARTIER\翻新\备份\20250630\5325 CARTIER JUSTE UN CLOU HOOP EARRINGS, SMALL MODEL, PAVED B8301429无\附图\5325 4.jpg",660,"dummy_images\CARTIER\翻新\已整理\20250630\5325 CARTIER JUSTE UN CLOU HOOP EARRINGS, SMALL MODEL, PAVED B8301429无\附图\5325 4.jpg",,,,
"dummy_images\CARTIER\翻新\备份\20250630\5325 CARTIER JUSTE UN CLOU HOOP EARRINGS, SMALL MODEL, PAVED B8301429无\附图\5325 5.jpg",660,"dummy_images\CARTIER\翻新\已整理\20250630\5325 CARTIER JUSTE UN CLOU HOOP EARRINGS, SMALL MODEL, PAVED B8301429无\附图\5325 5.jpg",,,,
dummy_images\CARTIER\翻新\备份\20250630\12918 CARTIER PANTHèRE DE CARTIER RING N4722500\主图\画板 24.jpg,661,,,,,
dummy_images\CARTIER\翻新\备份\20250630\12918 CARTIER PANTHèRE DE CARTIER RING N4722500\附图\12918 2.jpg,661,dummy_images\CARTIER\翻新\已整理\20250630\12918 CARTIER PANTHèRE DE CARTIER RING N4722500\附图\12918 2.jpg,,,,
dummy_images\CARTIER\翻新\备份\20250630\12918 CARTIER PANTHèRE DE CARTIER RING N4722500\附图\12918 3.jpg,661,dummy_images\CARTIER\翻新\已整理\20250630\12918 CARTIER PANTHèRE DE CARTIER RING N4722500\附图\12918 3.jpg,,,,
dummy_images\CARTIER\翻新\备份\20250630\12918 CARTIER PANTHèRE DE CARTIER RING N4722500\附图\12918 4.jpg,661,dummy_images\CARTIER\翻新\已整理\20250630\12918 CARTIER PANTHèRE DE CARTIER RING N4722500\附图\12918 4.jpg,,,,
dummy_images\CARTIER\翻新\备份\20250630\12918 CARTIER PANTHèRE DE CARTIER RING N4722500\附图\12918 5.jpg,661,dummy_images\CARTIER\翻新\已整理\20250630\12918 CARTIER PANTHèRE DE CARTIER RING N4722500\附图\12918 5.jpg,,,,
dummy_images\CARTIER\翻新\备份\20250630\12919 CARTIER PANTHèRE DE CARTIER RING N4730900\主图\画板 25.jpg,662,,,,,
dummy_images\CARTIER\翻新\备份\20250630\12919 CARTIER PANTHèRE DE CARTIER RING N4730900\附图\12919 3.jpg,662,dummy_images\CARTIER\翻新\已整理\20250630\12919 CARTIER PANTHèRE DE CARTIER RING N4730900\附图\12919 3.jpg,,,,
dummy_images\CARTIER\翻新\备份\20250630\12919 CARTIER PANTHèRE DE CARTIER RING N4730900\附图\12919 4.jpg,662,dummy_images\CARTIER\翻新\已整理\20250630\12919 CARTIER PANTHèRE DE CARTIER RING N4730900\附图\12919 4.jpg,,,,
dummy_images\CARTIER\翻新\备份\20250630\12919 CARTIER PANTHèRE DE CARTIER RING N4730900\附图\12919 5.jpg,662,dummy_images\CARTIER\翻新\已整理\20250630\12919 CARTIER PANTHèRE DE CARTIER RING N4730900\附图\12919 5.jpg,,,,
"dummy_images\CARTIER\翻新\备份\20250630\18410 CARTIER DESTINéE WEDDING RING, WIDTH 3.3 MM, PAVED N4127300无\主图\画板 35.jpg",663,,,,,
"dummy_images\CARTIER\翻新\备份\20250630\18410 CARTIER DESTINéE WEDDING RING, WIDTH 3.3 MM, PAVED N4127300无\附图\18410 2.jpg",663,"dummy_images\CARTIER\翻新\已整理\20250630\18410 CARTIER DESTINéE WEDDING RING, WIDTH 3.3 MM, PAVED N4127300无\附图\18410 2.jpg",,,,
"dummy_images\CARTIER\翻新\备份\20250630\18410 CARTIER DESTINéE WEDDING RING, WIDTH 3.3 MM, PAVED N4127300无\附图\18410 3.jpg",663,"dummy_images\CARTIER\翻新\已整理\20250630\18410 CARTIER DESTINéE WEDDING RING, WIDTH 3.3 MM, PAVED N4127300无\附图\18410 3.jpg",,,,
"dummy_images\CARTIER\翻新\备份\20250630\18410 CARTIER DESTINéE WEDDING RING, WIDTH 3.3 MM, PAVED N4127300无\附图\18410 4.jpg",663,"dummy_images\CARTIER\翻新\已整理\20250630\18410 CARTIER DESTINéE WEDDING RING, WIDTH 3.3 MM, PAVED N4127300无\附图\18410 4.jpg",,,,
"dummy_images\CARTIER\翻新\备份\20250630\18410 CARTIER DESTINéE WEDDING RING, WIDTH 3.3 MM, PAVED N4127300无\附图\18410 5.jpg",663,"dummy_images\CARTIER\翻新\已整理\20250630\18410 CARTIER DESTINéE WEDDING RING, WIDTH 3.3 MM, PAVED N4127300无\附图\18410 5.jpg",,,,
dummy_images\CARTIER\翻新\备份\20250701\19083 CARTIER PANTHèRE DE CARTIER WATCH WSPN0015\主图\画板 10.jpg,664,,Watches,,,
dummy_images\CARTIER\翻新\备份\20250701\19083 CARTIER PANTHèRE DE CARTIER WATCH WSPN0015\附图\19083 2.jpg,664,dummy_images\CARTIER\翻新\已整理\20250701\19083 CARTIER PANTHèRE DE CARTIER WATCH WSPN0015\附图\19083 2.jpg,Watches,,,
dummy_images\CARTIER\翻新\备份\20250701\19083 CARTIER PANTHèRE DE CARTIER WATCH WSPN0015\附图\19083 3.jpg,664,dummy_images\CARTIER\翻新\已整理\20250701\19083 CARTIER PANTHèRE DE CARTIER WATCH WSPN0015\附图\19083 3.jpg,Watches,,,
dummy_images\CARTIER\翻新\备份\20250701\19083 CARTIER PANTHèRE DE CARTIER WATCH WSPN0015\附图\19083 4.jpg,664,dummy_images\CARTIER\翻新\已整理\20250701\19083 CARTIER PANTHèRE DE CARTIER WATCH WSPN0015\附图\19083 4.jpg,Watches,,,
dummy_images\CARTIER\翻新\备份\20250701\19152 CARTIER BALLON BLEU DE CARTIER WATCH 33MM?W6920097\主图\画板 22.jpg,665,,Watches,,,
dummy_images\CARTIER\翻新\备份\20250701\19152 CARTIER BALLON BLEU DE CARTIER WATCH 33MM?W6920097\附图\19151 3.jpg,665,dummy_images\CARTIER\翻新\已整理\20250701\19152 CARTIER BALLON BLEU DE CARTIER WATCH 33MM?W6920097\附图\19151 3.jpg,Watches,,,
dummy_images\CARTIER\翻新\备份\20250701\19152 CARTIER BALLON BLEU DE CARTIER WATCH 33MM?W6920097\附图\19151 4.jpg,665,dummy_images\CARTIER\翻新\已整理\20250701\19152 CARTIER BALLON BLEU DE CARTIER WATCH 33MM?W6920097\附图\19151 4.jpg,Watches,,,
dummy_images\CARTIER\翻新\备份\20250701\19152 CARTIER BALLON BLEU DE CARTIER WATCH 33MM?W6920097\附图\19151 6.jpg,665,dummy_images\CARTIER\翻新\已整理\20250701\19152 CARTIER BALLON BLEU DE CARTIER WATCH 33MM?W6920097\附图\19151 6.jpg,Watches,,,
dummy_images\CARTIER\翻新\备份\20250701\19153 CARTIER BALLON BLEU DE CARTIER WATCH 33MM?W4BB0021\主图\画板 23.jpg,666,,Watches,,,
dummy_images\CARTIER\翻新\备份\20250701\19153 CARTIER BALLON BLEU DE CARTIER WATCH 33MM?W4BB0021\附图\19153 3.jpg,666,dummy_images\CARTIER\翻新\已整理\20250701\19153 CARTIER BALLON BLEU DE CARTIER WATCH 33MM?W4BB0021\附图\19153 3.jpg,Watches,,,
dummy_images\CARTIER\翻新\备份\20250701\19153 CARTIER BALLON BLEU DE CARTIER WATCH 33MM?W4BB0021\附图\19153 4.jpg,666,dummy_images\CARTIER\翻新\已整理\20250701\19153 CARTIER BALLON BLEU DE CARTIER WATCH 33MM?W4BB0021\附图\19153 4.jpg,Watches,,,
dummy_images\CARTIER\翻新\备份\20250701\19153 CARTIER BALLON BLEU DE CARTIER WATCH 33MM?W4BB0021\附图\19153 5.jpg,666,dummy_images\CARTIER\翻新\已整理\20250701\19153 CARTIER BALLON BLEU DE CARTIER WATCH 33MM?W4BB0021\附图\19153 5.jpg,Watches,,,
dummy_images\CARTIER\翻新\备份\20250701\19153 CARTIER BALLON BLEU DE CARTIER WATCH 33MM?W4BB0021\附图\19153 6.jpg,666,dummy_images\CARTIER\翻新\已整理\20250701\19153 CARTIER BALLON BLEU DE CARTIER WATCH 33MM?W4BB0021\附图\19153 6.jpg,Watches,,,
dummy_images\CARTIER\翻新\备份\20250701\19163 CARTIER BALLON BLEU DE CARTIER WATCH 28MM W2BB0009\主图\画板 28.jpg,667,,Watches,,,
dummy_images\CARTIER\翻新\备份\20250701\19163 CARTIER BALLON BLEU DE CARTIER WATCH 28MM W2BB0009\附图\19163 1.jpg,667,dummy_images\CARTIER\翻新\已整理\20250701\19163 CARTIER BALLON BLEU DE CARTIER WATCH 28MM W2BB0009\附图\19163 1.jpg,Watches,,,
dummy_images\CARTIER\翻新\备份\20250701\19163 CARTIER BALLON BLEU DE CARTIER WATCH 28MM W2BB0009\附图\19163 2.jpg,667,dummy_images\CARTIER\翻新\已整理\20250701\19163 CARTIER BALLON BLEU DE CARTIER WATCH 28MM W2BB0009\附图\19163 2.jpg,Watches,,,
dummy_images\CARTIER\翻新\备份\20250701\19163 CARTIER BALLON BLEU DE CARTIER WATCH 28MM W2BB0009\附图\19163 3.jpg,667,dummy_images\CARTIER\翻新\已整理\20250701\19163 CARTIER BALLON BLEU DE CARTIER WATCH 28MM W2BB0009\附图\19163 3.jpg,Watches,,,
dummy_images\CARTIER\翻新\备份\20250701\19167 CARTIER RONDE SOLO DE CARTIER WATCH 36MM W2RN0008\主图\画板 30.jpg,668,,Watches,,,
dummy_images\CARTIER\翻新\备份\20250701\19167 CARTIER RONDE SOLO DE CARTIER WATCH 36MM W2RN0008\附图\19167 2.jpg,668,dummy_images\CARTIER\翻新\已整理\20250701\19167 CARTIER RONDE SOLO DE CARTIER WATCH 36MM W2RN0008\附图\19167 2.jpg,Watches,,,
dummy_images\CARTIER\翻新\备份\20250701\19167 CARTIER RONDE SOLO DE CARTIER WATCH 36MM W2RN0008\附图\19167 3.jpg,668,dummy_images\CARTIER\翻新\已整理\20250701\19167 CARTIER RONDE SOLO DE CARTIER WATCH 36MM W2RN0008\附图\19167 3.jpg,Watches,,,
dummy_images\CARTIER\翻新\备份\20250701\19167 CARTIER RONDE SOLO DE CARTIER WATCH 36MM W2RN0008\附图\19167 4.jpg,668,dummy_images\CARTIER\翻新\已整理\20250701\19167 CARTIER RONDE SOLO DE CARTIER WATCH 36MM W2RN0008\附图\19167 4.jpg,Watches,,,
dummy_images\CARTIER\翻新\备份\20250625\主图\画板 1.jpg,1581,,,,,
dummy_images\CARTIER\翻新\备份\20250625\主图\画板 2.jpg,1582,,,,,
dummy_images\CARTIER\翻新\备份\20250625\主图\画板 3.jpg,1583,,,,,
dummy_images\CARTIER\翻新\备份\20250625\主图\画板 4.jpg,1584,,,,,
dummy_images\CARTIER\翻新\备份\20250625\主图\画板 5.jpg,1585,,,,,
dummy_images\CARTIER\翻新\备份\20250625\主图\画板 6.jpg,1586,,,,,
dummy_images\CARTIER\翻新\备份\20250625\主图\画板 7.jpg,1587,,,,,
dummy_images\CARTIER\翻新\备份\20250625\主图\画板 8.jpg,1588,,,,,
dummy_images\CARTIER\翻新\备份\20250625\主图\画板 9.jpg,1589,,,,,
dummy_images\CARTIER\翻新\备份\20250625\主图\画板 10.jpg,15810,,,,,
dummy_images\CARTIER\翻新\备份\20250625\主图\画板 11.jpg,15811,,,,,
dummy_images\CARTIER\翻新\备份\20250625\主图\画板 12.jpg,15812,,,,,
dummy_images\CARTIER\翻新\备份\20250625\主图\画板 13.jpg,15813,,,,,
dummy_images\CARTIER\翻新\备份\20250625\主图\画板 14.jpg,15814,,,,,
dummy_images\CARTIER\翻新\备份\20250625\主图\画板 15.jpg,15815,,,,,
dummy_images\CARTIER\翻新\备份\20250625\主图\画板 16.jpg,15816,,,,,
dummy_images\CARTIER\翻新\备份\20250625\主图\画板 17.jpg,15817,,,,,
dummy_images\CARTIER\翻新\备份\20250625\主图\画板 18.jpg,15818,,,,,
dummy_images\CARTIER\翻新\备份\20250625\主图\画板 19.jpg,15819,,,,,
dummy_images\CARTIER\翻新\备份\20250625\主图\画板 20.jpg,15820,,,,,
dummy_images\CARTIER\翻新\备份\20250625\主图\画板 21.jpg,15821,,,,,
dummy_images\CARTIER\翻新\备份\20250625\主图\画板 22.jpg,15822,,,,,
dummy_images\CARTIER\翻新\备份\20250625\主图\画板 23.jpg,15823,,,,,
dummy_images\CARTIER\翻新\备份\20250625\主图\画板 24.jpg,15824,,,,,
dummy_images\CARTIER\翻新\备份\20250625\主图\画板 25.jpg,15825,,,,,
dummy_images\CARTIER\翻新\备份\20250625\主图\画板 26.jpg,15826,,,,,
dummy_images\CARTIER\翻新\备份\20250625\主图\画板 28.jpg,15827,,,,,
dummy_images\CARTIER\翻新\备份\20250625\主图\画板 29.jpg,15828,,,,,
dummy_images\CARTIER\翻新\备份\20250625\主图\画板 30.jpg,15829,,,,,
dummy_images\CARTIER\翻新\备份\20250625\主图\画板 31.jpg,15830,,,,,
dummy_images\CARTIER\翻新\备份\20250625\主图\画板 32.jpg,15831,,,,,
dummy_images\CARTIER\翻新\备份\20250625\主图\画板 33.jpg,15832,,,,,
dummy_images\CARTIER\翻新\备份\20250625\主图\画板 34.jpg,15833,,,,,
dummy_images\CARTIER\翻新\备份\20250625\主图\画板 35.jpg,15834,,,,,
dummy_images\CARTIER\翻新\备份\20250625\主图\画板 61.jpg,15835,,,,,
dummy_images\CARTIER\翻新\备份\20250625\主图\画板 62.jpg,15836,,,,,
dummy_images\CARTIER\翻新\备份\20250624\主图\画板 1.jpg,15837,,,,,
dummy_images\CARTIER\翻新\备份\20250624\主图\画板 2.jpg,15838,,,,,
dummy_images\CARTIER\翻新\备份\20250624\主图\画板 3.jpg,15839,,,,,
dummy_images\CARTIER\翻新\备份\20250624\主图\画板 4.jpg,15840,,,,,
dummy_images\CARTIER\翻新\备份\20250624\主图\画板 5.jpg,15841,,,,,
dummy_images\CARTIER\翻新\备份\20250624\主图\画板 6.jpg,15842,,,,,
dummy_images\CARTIER\翻新\备份\20250624\主图\画板 7.jpg,15843,,,,,
dummy_images\CARTIER\翻新\备份\20250624\主图\画板 8.jpg,15844,,,,,
dummy_images\CARTIER\翻新\备份\20250624\主图\画板 9.jpg,15845,,,,,
dummy_images\CARTIER\翻新\备份\20250624\主图\画板 10.jpg,15846,,,,,
dummy_images\CARTIER\翻新\备份\20250624\主图\画板 11.jpg,15847,,,,,
dummy_images\CARTIER\翻新\备份\20250624\主图\画板 12.jpg,15848,,,,,
dummy_images\CARTIER\翻新\备份\20250624\主图\画板 13.jpg,15849,,,,,
dummy_images\CARTIER\翻新\备份\20250624\主图\画板 14.jpg,15850,,,,,
dummy_images\CARTIER\翻新\备份\20250624\主图\画板 15.jpg,15851,,,,,
dummy_images\CARTIER\翻新\备份\20250624\主图\画板 16.jpg,15852,,,,,
dummy_images\CARTIER\翻新\备份\20250624\主图\画板 17.jpg,15853,,,,,
dummy_images\CARTIER\翻新\备份\20250624\主图\画板 18.jpg,15854,,,,,
dummy_images\CARTIER\翻新\备份\20250624\主图\画板 19.jpg,15855,,,,,
dummy_images\CARTIER\翻新\备份\20250624\主图\画板 20.jpg,15856,,,,,
dummy_images\CARTIER\翻新\备份\20250624\主图\画板 21.jpg,15857,,,,,
dummy_images\CARTIER\翻新\备份\20250624\主图\画板 22.jpg,15858,,,,,
dummy_images\CARTIER\翻新\备份\20250624\主图\画板 23.jpg,15859,,,,,
dummy_images\CARTIER\翻新\备份\20250624\主图\画板 24.jpg,15860,,,,,
dummy_images\CARTIER\翻新\备份\20250624\主图\画板 25.jpg,15861,,,,,
dummy_images\CARTIER\翻新\备份\20250624\主图\画板 26.jpg,15862,,,,,
dummy_images\CARTIER\翻新\备份\20250624\主图\画板 27.jpg,15863,,,,,
dummy_images\CARTIER\翻新\备份\20250624\主图\画板 28.jpg,15864,,,,,
dummy_images\CARTIER\翻新\备份\20250624\主图\画板 29.jpg,15865,,,,,
dummy_images\CARTIER\翻新\备份\20250624\主图\画板 30.jpg,15866,,,,,
dummy_images\CARTIER\翻新\备份\20250624\主图\画板 31.jpg,15867,,,,,
dummy_images\CARTIER\翻新\备份\20250624\主图\画板 32.jpg,15868,,,,,
dummy_images\CARTIER\翻新\备份\20250624\主图\画板 33.jpg,15869,,,,,
dummy_images\CARTIER\翻新\备份\20250624\主图\画板 34.jpg,15870,,,,,
dummy_images\CARTIER\翻新\备份\20250626\主图\画板 1.jpg,15872,,,,,
dummy_images\CARTIER\翻新\备份\20250626\主图\画板 2.jpg,15873,,,,,
dummy_images\CARTIER\翻新\备份\20250626\主图\画板 3.jpg,15874,,,,,
dummy_images\CARTIER\翻新\备份\20250626\主图\画板 4.jpg,15875,,,,,
dummy_images\CARTIER\翻新\备份\20250626\主图\画板 5.jpg,15876,,,,,
dummy_images\CARTIER\翻新\备份\20250626\主图\画板 6.jpg,15877,,,,,
dummy_images\CARTIER\翻新\备份\20250626\主图\画板 7.jpg,15878,,,,,
dummy_images\CARTIER\翻新\备份\20250626\主图\画板 8.jpg,15879,,,,,
dummy_images\CARTIER\翻新\备份\20250626\主图\画板 9.jpg,15880,,,,,
dummy_images\CARTIER\翻新\备份\20250626\主图\画板 10.jpg,15881,,,,,
dummy_images\CARTIER\翻新\备份\20250626\主图\画板 11.jpg,15882,,,,,
dummy_images\CARTIER\翻新\备份\20250626\主图\画板 12.jpg,15883,,,,,
dummy_images\CARTIER\翻新\备份\20250626\主图\画板 13.jpg,15884,,,,,
dummy_images\CARTIER\翻新\备份\20250626\主图\画板 14.jpg,15885,,,,,
dummy_images\CARTIER\翻新\备份\20250626\主图\画板 15.jpg,15886,,,,,
dummy_images\CARTIER\翻新\备份\20250626\主图\画板 16.jpg,15887,,,,,
dummy_images\CARTIER\翻新\备份\20250626\主图\画板 17.jpg,15888,,,,,
dummy_images\CARTIER\翻新\备份\20250626\主图\画板 18.jpg,15889,,,,,
dummy_images\CARTIER\翻新\备份\20250626\主图\画板 19.jpg,15890,,,,,
dummy_images\CARTIER\翻新\备份\20250626\主图\画板 20.jpg,15891,,,,,
dummy_images\CARTIER\翻新\备份\20250626\主图\画板 21.jpg,15892,,,,,
dummy_images\CARTIER\翻新\备份\20250626\主图\画板 22.jpg,15893,,,,,
dummy_images\CARTIER\翻新\备份\20250626\主图\画板 23.jpg,15894,,,,,
dummy_images\CARTIER\翻新\备份\20250626\主图\画板 24.jpg,15895,,,,,
dummy_images\CARTIER\翻新\备份\20250626\主图\画板 25.jpg,15896,,,,,
dummy_images\CARTIER\翻新\备份\20250626\主图\画板 26.jpg,15897,,,,,
dummy_images\CARTIER\翻新\备份\20250626\主图\画板 27.jpg,15898,,,,,
dummy_images\CARTIER\翻新\备份\20250626\主图\画板 28.jpg,15899,,,,,
dummy_images\CARTIER\翻新\备份\20250626\主图\画板 29.jpg,158100,,,,,
dummy_images\CARTIER\翻新\备份\20250626\主图\画板 30.jpg,158101,,,,,
dummy_images\CARTIER\翻新\备份\20250626\主图\画板 31.jpg,158102,,,,,
dummy_images\CARTIER\翻新\备份\20250626\主图\画板 32.jpg,158103,,,,,
dummy_images\CARTIER\翻新\备份\20250626\主图\画板 33.jpg,158104,,,,,
dummy_images\CARTIER\翻新\备份\20250626\主图\画板 34.jpg,158105,,,,,
dummy_images\CARTIER\翻新\备份\20250626\主图\画板 35.jpg,158106,,,,,
dummy_images\CARTIER\翻新\备份\20250627\主图\画板 1.jpg,158108,,,,,
dummy_images\CARTIER\翻新\备份\20250627\主图\画板 2.jpg,158109,,,,,
dummy_images\CARTIER\翻新\备份\20250627\主图\画板 3.jpg,158110,,,,,
dummy_images\CARTIER\翻新\备份\20250627\主图\画板 4.jpg,158111,,,,,
dummy_images\CARTIER\翻新\备份\20250627\主图\画板 5.jpg,158112,,,,,
dummy_images\CARTIER\翻新\备份\20250627\主图\画板 6.jpg,158113,,,,,
dummy_images\CARTIER\翻新\备份\20250627\主图\画板 7.jpg,158114,,,,,
dummy_images\CARTIER\翻新\备份\20250627\主图\画板 8.jpg,158115,,,,,
dummy_images\CARTIER\翻新\备份\20250627\主图\画板 9.jpg,158116,,,,,
dummy_images\CARTIER\翻新\备份\20250627\主图\画板 10.jpg,158117,,,,,
dummy_images\CARTIER\翻新\备份\20250627\主图\画板 11.jpg,158118,,,,,
dummy_images\CARTIER\翻新\备份\20250627\主图\画板 12.jpg,158119,,,,,
dummy_images\CARTIER\翻新\备份\20250627\主图\画板 13.jpg,158120,,,,,
dummy_images\CARTIER\翻新\备份\20250627\主图\画板 14.jpg,158121,,,,,
dummy_images\CARTIER\翻新\备份\20250627\主图\画板 15.jpg,158122,,,,,
dummy_images\CARTIER\翻新\备份\20250627\主图\画板 16.jpg,158123,,,,,
dummy_images\CARTIER\翻新\备份\20250627\主图\画板 17.jpg,158124,,,,,
dummy_images\CARTIER\翻新\备份\20250627\主图\画板 18.jpg,158125,,,,,
dummy_images\CARTIER\翻新\备份\20250627\主图\画板 19.jpg,158126,,,,,
dummy_images\CARTIER\翻新\备份\20250627\主图\画板 20.jpg,158127,,,,,
dummy_images\CARTIER\翻新\备份\20250627\主图\画板 21.jpg,158128,,,,,
dummy_images\CARTIER\翻新\备份\20250627\主图\画板 22.jpg,158129,,,,,
dummy_images\CARTIER\翻新\备份\20250627\主图\画板 23.jpg,158130,,,,,
dummy_images\CARTIER\翻新\备份\20250627\主图\画板 24.jpg,158131,,,,,
dummy_images\CARTIER\翻新\备份\20250627\主图\画板 25.jpg,158132,,,,,
dummy_images\CARTIER\翻新\备份\20250627\主图\画板 26.jpg,158133,,,,,
dummy_images\CARTIER\翻新\备份\20250627\主图\画板 27.jpg,158134,,,,,
dummy_images\CARTIER\翻新\备份\20250627\主图\画板 28.jpg,158135,,,,,
dummy_images\CARTIER\翻新\备份\20250627\主图\画板 29.jpg,158136,,,,,
dummy_images\CARTIER\翻新\备份\20250627\主图\画板 30.jpg,158137,,,,,
dummy_images\CARTIER\翻新\备份\20250627\主图\画板 31.jpg,158138,,,,,
dummy_images\CARTIER\翻新\备份\20250627\主图\画板 32.jpg,158139,,,,,
dummy_images\CARTIER\翻新\备份\20250627\主图\画板 33.jpg,158140,,,,,
dummy_images\CARTIER\翻新\备份\20250627\主图\画板 34.jpg,158141,,,,,
dummy_images\CARTIER\翻新\备份\20250627\主图\画板 35.jpg,158142,,,,,
dummy_images\CARTIER\翻新\备份\20250630\主图\画板 1.jpg,158175,,,,,
,,,,,,
,,,,,,
,,,,,,
,,,,,,
,,,,,,
,,,,,,
,,,,,,
,,,,,,
,,,,,,
,,,,,,
,,,,,,
,,,,,,
,,,,,,
,,,,,,
,,,,,,
,,,,,,
,,,,,,
,,,,,,
,,,,,,
,,,,,,
,,,,,,
,,,,,,
,,,,,,
,,,,,,
,,,,,,
,,,,,,
,,,,,,
,,,,,,
,,,,,,
,,,,,,
,,,,,,
,,,,,,
,,,,,,
,,,,,,
,,,,,,
,,,,,,
,,,,,,
,,,,,,
,,,,,,
,,,,,,
,,,,,,
,,,,,, 
