image_path,product_id,category,mask_path,wm_image_path,wm_local_mask
dummy_images\WATCH\1.CARTIER\微商相册\11.18\原件\CARTIER BALLON BLANC DE CARTIER WATCH W4BL0003\主图\W4BL0003.jpg,1,watch,,dummy_images\WATCH\1.CARTIER\微商相册\11.18\已整理\CARTIER BALLON BLANC DE CARTIER WATCH W4BL0003\主图\W4BL0003.jpg,cvs\new_watermark.png
dummy_images\WATCH\1.CARTIER\微商相册\11.18\原件\CARTIER BALLON BLANC DE CARTIER WATCH W4BL0003\附图\W4BL0003-1.jpg,1,watch,,dummy_images\WATCH\1.CARTIER\微商相册\11.18\已整理\CARTIER BALLON BLANC DE CARTIER WATCH W4BL0003\附图\W4BL0003-1.jpg,cvs\new_watermark.png
dummy_images\WATCH\1.CARTIER\微商相册\11.18\原件\CARTIER BALLON BLANC DE CARTIER WATCH W4BL0003\附图\W4BL0003-2.jpg,1,watch,,dummy_images\WATCH\1.CARTIER\微商相册\11.18\已整理\CARTIER BALLON BLANC DE CARTIER WATCH W4BL0003\附图\W4BL0003-2.jpg,cvs\new_watermark.png
dummy_images\WATCH\1.CARTIER\微商相册\11.18\原件\CARTIER BALLON BLANC DE CARTIER WATCH W4BL0003\附图\W4BL0003-3.jpg,1,watch,,dummy_images\WATCH\1.CARTIER\微商相册\11.18\已整理\CARTIER BALLON BLANC DE CARTIER WATCH W4BL0003\附图\W4BL0003-3.jpg,cvs\new_watermark.png
dummy_images\WATCH\1.CARTIER\微商相册\11.18\原件\CARTIER BALLON BLANC DE CARTIER WATCH W4BL0003\附图\W4BL0003-4.jpg,1,watch,,dummy_images\WATCH\1.CARTIER\微商相册\11.18\已整理\CARTIER BALLON BLANC DE CARTIER WATCH W4BL0003\附图\W4BL0003-4.jpg,cvs\new_watermark.png
dummy_images\WATCH\1.CARTIER\微商相册\11.18\原件\CARTIER BALLON BLANC DE CARTIER WATCH W4BL0003\附图\W4BL0003-5.jpg,1,watch,,dummy_images\WATCH\1.CARTIER\微商相册\11.18\已整理\CARTIER BALLON BLANC DE CARTIER WATCH W4BL0003\附图\W4BL0003-5.jpg,cvs\new_watermark.png
dummy_images\WATCH\1.CARTIER\微商相册\11.18\原件\CARTIER BALLON BLANC DE CARTIER WATCH W4BL0003\附图\W4BL0003-6.jpg,1,watch,,dummy_images\WATCH\1.CARTIER\微商相册\11.18\已整理\CARTIER BALLON BLANC DE CARTIER WATCH W4BL0003\附图\W4BL0003-6.jpg,cvs\new_watermark.png
dummy_images\WATCH\1.CARTIER\微商相册\11.18\原件\CARTIER DRIVE DE CARTIER WGNM0003\主图\WGNM0003.png,2,watch,,,cvs\new_watermark.png
dummy_images\WATCH\1.CARTIER\微商相册\11.18\原件\CARTIER DRIVE DE CARTIER WGNM0003\附图\WGNM0003-1.png,2,watch,,dummy_images\WATCH\1.CARTIER\微商相册\11.18\已整理\CARTIER DRIVE DE CARTIER WGNM0003\附图\WGNM0003-1.png,cvs\new_watermark.png
dummy_images\WATCH\1.CARTIER\微商相册\11.18\原件\CARTIER DRIVE DE CARTIER WGNM0003\附图\WGNM0003-2.png,2,watch,,dummy_images\WATCH\1.CARTIER\微商相册\11.18\已整理\CARTIER DRIVE DE CARTIER WGNM0003\附图\WGNM0003-2.png,cvs\new_watermark.png
dummy_images\WATCH\1.CARTIER\微商相册\11.18\原件\CARTIER DRIVE DE CARTIER WGNM0003\附图\WGNM0003-3.png,2,watch,,dummy_images\WATCH\1.CARTIER\微商相册\11.18\已整理\CARTIER DRIVE DE CARTIER WGNM0003\附图\WGNM0003-3.png,cvs\new_watermark.png
dummy_images\WATCH\1.CARTIER\微商相册\11.18\原件\CARTIER DRIVE DE CARTIER WGNM0003\附图\WGNM0003-4.webp,2,watch,,,cvs\new_watermark.png
dummy_images\WATCH\1.CARTIER\微商相册\11.18\原件\CARTIER PANTHèRE DE CARTIER WATCH WSPN0015\主图\WSPN0015.jpeg,3,watch,,,cvs\new_watermark.png
dummy_images\WATCH\1.CARTIER\微商相册\11.18\原件\CARTIER PANTHèRE DE CARTIER WATCH WSPN0015\附图\WSPN0015-1.jpeg,3,watch,,dummy_images\WATCH\1.CARTIER\微商相册\11.18\已整理\CARTIER PANTHèRE DE CARTIER WATCH WSPN0015\附图\WSPN0015-1.jpeg,cvs\new_watermark.png
dummy_images\WATCH\1.CARTIER\微商相册\11.18\原件\CARTIER PANTHèRE DE CARTIER WATCH WSPN0015\附图\WSPN0015-2.jpeg,3,watch,,dummy_images\WATCH\1.CARTIER\微商相册\11.18\已整理\CARTIER PANTHèRE DE CARTIER WATCH WSPN0015\附图\WSPN0015-2.jpeg,cvs\new_watermark.png
dummy_images\WATCH\1.CARTIER\微商相册\11.18\原件\CARTIER PANTHèRE DE CARTIER WATCH WSPN0015\附图\WSPN0015-3.jpeg,3,watch,,dummy_images\WATCH\1.CARTIER\微商相册\11.18\已整理\CARTIER PANTHèRE DE CARTIER WATCH WSPN0015\附图\WSPN0015-3.jpeg,cvs\new_watermark.png
dummy_images\WATCH\1.CARTIER\微商相册\11.18\原件\CARTIER PANTHèRE DE CARTIER WATCH WSPN0015\附图\WSPN0015-4.jpeg,3,watch,,dummy_images\WATCH\1.CARTIER\微商相册\11.18\已整理\CARTIER PANTHèRE DE CARTIER WATCH WSPN0015\附图\WSPN0015-4.jpeg,cvs\new_watermark.png
dummy_images\WATCH\1.CARTIER\微商相册\11.18\原件\CARTIER PANTHèRE DE CARTIER WATCH WSPN0015\附图\WSPN0015-5.jpeg,3,watch,,dummy_images\WATCH\1.CARTIER\微商相册\11.18\已整理\CARTIER PANTHèRE DE CARTIER WATCH WSPN0015\附图\WSPN0015-5.jpeg,cvs\new_watermark.png
dummy_images\WATCH\1.CARTIER\微商相册\11.18\原件\CARTIER PANTHèRE DE CARTIER WATCH WSPN0015\附图\WSPN0015-6.jpeg,3,watch,,dummy_images\WATCH\1.CARTIER\微商相册\11.18\已整理\CARTIER PANTHèRE DE CARTIER WATCH WSPN0015\附图\WSPN0015-6.jpeg,cvs\new_watermark.png
dummy_images\WATCH\1.CARTIER\微商相册\11.18\原件\CARTIER RONDE LOUIS CARTIER WATCH WGRN0013\主图\WGRN0013.jpeg,5,watch,,,cvs\new_watermark.png
dummy_images\WATCH\1.CARTIER\微商相册\11.18\原件\CARTIER RONDE LOUIS CARTIER WATCH WGRN0013\附图\WGRN0013-1.jpeg,5,watch,,dummy_images\WATCH\1.CARTIER\微商相册\11.18\已整理\CARTIER RONDE LOUIS CARTIER WATCH WGRN0013\附图\WGRN0013-1.jpeg,cvs\new_watermark.png
dummy_images\WATCH\1.CARTIER\微商相册\11.18\原件\CARTIER RONDE LOUIS CARTIER WATCH WGRN0013\附图\WGRN0013-2.jpeg,5,watch,,dummy_images\WATCH\1.CARTIER\微商相册\11.18\已整理\CARTIER RONDE LOUIS CARTIER WATCH WGRN0013\附图\WGRN0013-2.jpeg,cvs\new_watermark.png
dummy_images\WATCH\1.CARTIER\微商相册\11.18\原件\CARTIER RONDE LOUIS CARTIER WATCH WGRN0013\附图\WGRN0013-3.jpeg,5,watch,,dummy_images\WATCH\1.CARTIER\微商相册\11.18\已整理\CARTIER RONDE LOUIS CARTIER WATCH WGRN0013\附图\WGRN0013-3.jpeg,cvs\new_watermark.png
dummy_images\WATCH\1.CARTIER\微商相册\11.18\原件\CARTIER RONDE LOUIS CARTIER WATCH WGRN0013\附图\WGRN0013-4.jpeg,5,watch,,dummy_images\WATCH\1.CARTIER\微商相册\11.18\已整理\CARTIER RONDE LOUIS CARTIER WATCH WGRN0013\附图\WGRN0013-4.jpeg,cvs\new_watermark.png
dummy_images\WATCH\1.CARTIER\微商相册\11.18\原件\CARTIER RONDE LOUIS CARTIER WATCH WGRN0013\附图\WGRN0013-5.jpeg,5,watch,,dummy_images\WATCH\1.CARTIER\微商相册\11.18\已整理\CARTIER RONDE LOUIS CARTIER WATCH WGRN0013\附图\WGRN0013-5.jpeg,cvs\new_watermark.png
dummy_images\WATCH\1.CARTIER\微商相册\11.18\原件\CARTIER RONDE LOUIS CARTIER WATCH WGRN0013\附图\WGRN0013-6.jpeg,5,watch,,dummy_images\WATCH\1.CARTIER\微商相册\11.18\已整理\CARTIER RONDE LOUIS CARTIER WATCH WGRN0013\附图\WGRN0013-6.jpeg,cvs\new_watermark.png
dummy_images\WATCH\1.CARTIER\微商相册\11.18\原件\CARTIER SANTOS DE CARTIER WATCH WSSA0039\主图\WSSA0039.jpeg,6,watch,,,cvs\new_watermark.png
dummy_images\WATCH\1.CARTIER\微商相册\11.18\原件\CARTIER SANTOS DE CARTIER WATCH WSSA0039\附图\WSSA0039-1.jpeg,6,watch,,dummy_images\WATCH\1.CARTIER\微商相册\11.18\已整理\CARTIER SANTOS DE CARTIER WATCH WSSA0039\附图\WSSA0039-1.jpeg,cvs\new_watermark.png
dummy_images\WATCH\1.CARTIER\微商相册\11.18\原件\CARTIER SANTOS DE CARTIER WATCH WSSA0039\附图\WSSA0039-2.jpeg,6,watch,,dummy_images\WATCH\1.CARTIER\微商相册\11.18\已整理\CARTIER SANTOS DE CARTIER WATCH WSSA0039\附图\WSSA0039-2.jpeg,cvs\new_watermark.png
dummy_images\WATCH\1.CARTIER\微商相册\11.18\原件\CARTIER SANTOS DE CARTIER WATCH WSSA0039\附图\WSSA0039-3.jpeg,6,watch,,dummy_images\WATCH\1.CARTIER\微商相册\11.18\已整理\CARTIER SANTOS DE CARTIER WATCH WSSA0039\附图\WSSA0039-3.jpeg,cvs\new_watermark.png
dummy_images\WATCH\1.CARTIER\微商相册\11.18\原件\CARTIER SANTOS DE CARTIER WATCH WSSA0039\附图\WSSA0039-4.jpeg,6,watch,,dummy_images\WATCH\1.CARTIER\微商相册\11.18\已整理\CARTIER SANTOS DE CARTIER WATCH WSSA0039\附图\WSSA0039-4.jpeg,cvs\new_watermark.png
dummy_images\WATCH\1.CARTIER\微商相册\11.18\原件\CARTIER SANTOS DE CARTIER WATCH WSSA0039\附图\WSSA0039-5.jpeg,6,watch,,dummy_images\WATCH\1.CARTIER\微商相册\11.18\已整理\CARTIER SANTOS DE CARTIER WATCH WSSA0039\附图\WSSA0039-5.jpeg,cvs\new_watermark.png
dummy_images\WATCH\1.CARTIER\微商相册\11.18\原件\CARTIER SANTOS DE CARTIER WATCH WSSA0039\附图\WSSA0039-6.jpeg,6,watch,,dummy_images\WATCH\1.CARTIER\微商相册\11.18\已整理\CARTIER SANTOS DE CARTIER WATCH WSSA0039\附图\WSSA0039-6.jpeg,cvs\new_watermark.png
dummy_images\WATCH\1.CARTIER\微商相册\11.19\原图\CARTIER BAIGNOIRE WATCH WGBA0007\主图\WGBA0007.jpeg.jpg,7,watch,,dummy_images\WATCH\1.CARTIER\微商相册\11.19\已整理\CARTIER BAIGNOIRE WATCH WGBA0007\主图\WGBA0007.jpeg.jpg,cvs\new_watermark.png
dummy_images\WATCH\1.CARTIER\微商相册\11.19\原图\CARTIER BAIGNOIRE WATCH WGBA0007\附图\WGBA0007-1.jpeg,7,watch,,dummy_images\WATCH\1.CARTIER\微商相册\11.19\已整理\CARTIER BAIGNOIRE WATCH WGBA0007\附图\WGBA0007-1.jpeg,cvs\new_watermark.png
dummy_images\WATCH\1.CARTIER\微商相册\11.19\原图\CARTIER BAIGNOIRE WATCH WGBA0007\附图\WGBA0007-2.jpeg,7,watch,,dummy_images\WATCH\1.CARTIER\微商相册\11.19\已整理\CARTIER BAIGNOIRE WATCH WGBA0007\附图\WGBA0007-2.jpeg,cvs\new_watermark.png
dummy_images\WATCH\1.CARTIER\微商相册\11.19\原图\CARTIER BAIGNOIRE WATCH WGBA0007\附图\WGBA0007-3.jpeg,7,watch,,dummy_images\WATCH\1.CARTIER\微商相册\11.19\已整理\CARTIER BAIGNOIRE WATCH WGBA0007\附图\WGBA0007-3.jpeg,cvs\new_watermark.png
dummy_images\WATCH\1.CARTIER\微商相册\11.19\原图\CARTIER BAIGNOIRE WATCH WGBA0007\附图\WGBA0007-4.jpeg,7,watch,,dummy_images\WATCH\1.CARTIER\微商相册\11.19\已整理\CARTIER BAIGNOIRE WATCH WGBA0007\附图\WGBA0007-4.jpeg,cvs\new_watermark.png
dummy_images\WATCH\1.CARTIER\微商相册\11.19\原图\CARTIER BAIGNOIRE WATCH WGBA0007\附图\WGBA0007-5.jpeg,7,watch,,dummy_images\WATCH\1.CARTIER\微商相册\11.19\已整理\CARTIER BAIGNOIRE WATCH WGBA0007\附图\WGBA0007-5.jpeg,cvs\new_watermark.png
dummy_images\WATCH\1.CARTIER\微商相册\11.19\原图\CARTIER BAIGNOIRE WATCH WGBA0007\附图\WGBA0007-6.jpeg,7,watch,,dummy_images\WATCH\1.CARTIER\微商相册\11.19\已整理\CARTIER BAIGNOIRE WATCH WGBA0007\附图\WGBA0007-6.jpeg,cvs\new_watermark.png
dummy_images\WATCH\1.CARTIER\微商相册\11.19\原图\CARTIER BAIGNOIRE WATCH WGBA0007\附图\WGBA0007-7.jpeg,7,watch,,dummy_images\WATCH\1.CARTIER\微商相册\11.19\已整理\CARTIER BAIGNOIRE WATCH WGBA0007\附图\WGBA0007-7.jpeg,cvs\new_watermark.png
dummy_images\WATCH\1.CARTIER\微商相册\11.19\原图\CARTIER BAIGNOIRE WATCH WGBA0007\附图\WGBA0007-8.jpeg,7,watch,,dummy_images\WATCH\1.CARTIER\微商相册\11.19\已整理\CARTIER BAIGNOIRE WATCH WGBA0007\附图\WGBA0007-8.jpeg,cvs\new_watermark.png
dummy_images\WATCH\1.CARTIER\微商相册\11.19\原图\CARTIER BAIGNOIRE WATCH WJBA0038\主图\WJBA0038.jpeg,8,watch,,,cvs\new_watermark.png
dummy_images\WATCH\1.CARTIER\微商相册\11.19\原图\CARTIER BAIGNOIRE WATCH WJBA0038\附图\WJBA0038-1.jpeg,8,watch,,dummy_images\WATCH\1.CARTIER\微商相册\11.19\已整理\CARTIER BAIGNOIRE WATCH WJBA0038\附图\WJBA0038-1.jpeg,cvs\new_watermark.png
dummy_images\WATCH\1.CARTIER\微商相册\11.19\原图\CARTIER BAIGNOIRE WATCH WJBA0038\附图\WJBA0038-2.jpeg,8,watch,,dummy_images\WATCH\1.CARTIER\微商相册\11.19\已整理\CARTIER BAIGNOIRE WATCH WJBA0038\附图\WJBA0038-2.jpeg,cvs\new_watermark.png
dummy_images\WATCH\1.CARTIER\微商相册\11.19\原图\CARTIER BAIGNOIRE WATCH WJBA0038\附图\WJBA0038-3.jpeg,8,watch,,dummy_images\WATCH\1.CARTIER\微商相册\11.19\已整理\CARTIER BAIGNOIRE WATCH WJBA0038\附图\WJBA0038-3.jpeg,cvs\new_watermark.png
dummy_images\WATCH\1.CARTIER\微商相册\11.19\原图\CARTIER BAIGNOIRE WATCH WJBA0038\附图\WJBA0038-4.jpeg,8,watch,,dummy_images\WATCH\1.CARTIER\微商相册\11.19\已整理\CARTIER BAIGNOIRE WATCH WJBA0038\附图\WJBA0038-4.jpeg,cvs\new_watermark.png
dummy_images\WATCH\1.CARTIER\微商相册\11.19\原图\CARTIER BALLON BLEU 33MM WOMEN'S WATCH W4BB0009\主图\W4BB0009.jpg,9,watch,,dummy_images\WATCH\1.CARTIER\微商相册\11.19\已整理\CARTIER BALLON BLEU 33MM WOMEN'S WATCH W4BB0009\主图\W4BB0009.jpg,cvs\new_watermark.png
dummy_images\WATCH\1.CARTIER\微商相册\11.19\原图\CARTIER BALLON BLEU 33MM WOMEN'S WATCH W4BB0009\附图\W4BB0009-1.jpg,9,watch,,dummy_images\WATCH\1.CARTIER\微商相册\11.19\已整理\CARTIER BALLON BLEU 33MM WOMEN'S WATCH W4BB0009\附图\W4BB0009-1.jpg,cvs\new_watermark.png
dummy_images\WATCH\1.CARTIER\微商相册\11.19\原图\CARTIER BALLON BLEU 33MM WOMEN'S WATCH W4BB0009\附图\W4BB0009-2.jpg,9,watch,,dummy_images\WATCH\1.CARTIER\微商相册\11.19\已整理\CARTIER BALLON BLEU 33MM WOMEN'S WATCH W4BB0009\附图\W4BB0009-2.jpg,cvs\new_watermark.png
dummy_images\WATCH\1.CARTIER\微商相册\11.19\原图\CARTIER BALLON BLEU 33MM WOMEN'S WATCH W4BB0009\附图\W4BB0009-3.jpg,9,watch,,dummy_images\WATCH\1.CARTIER\微商相册\11.19\已整理\CARTIER BALLON BLEU 33MM WOMEN'S WATCH W4BB0009\附图\W4BB0009-3.jpg,cvs\new_watermark.png
dummy_images\WATCH\1.CARTIER\微商相册\11.19\原图\CARTIER BALLON BLEU 33MM WOMEN'S WATCH W4BB0009\附图\W4BB0009-4.jpg,9,watch,,dummy_images\WATCH\1.CARTIER\微商相册\11.19\已整理\CARTIER BALLON BLEU 33MM WOMEN'S WATCH W4BB0009\附图\W4BB0009-4.jpg,cvs\new_watermark.png
dummy_images\WATCH\1.CARTIER\微商相册\11.19\原图\CARTIER BALLON BLEU 33MM WOMEN'S WATCH W4BB0009\附图\W4BB0009-5.jpg,9,watch,,dummy_images\WATCH\1.CARTIER\微商相册\11.19\已整理\CARTIER BALLON BLEU 33MM WOMEN'S WATCH W4BB0009\附图\W4BB0009-5.jpg,cvs\new_watermark.png
dummy_images\WATCH\1.CARTIER\微商相册\11.19\原图\CARTIER BALLON BLEU 33MM WOMEN'S WATCH W4BB0009\附图\W4BB0009-6.jpg,9,watch,,dummy_images\WATCH\1.CARTIER\微商相册\11.19\已整理\CARTIER BALLON BLEU 33MM WOMEN'S WATCH W4BB0009\附图\W4BB0009-6.jpg,cvs\new_watermark.png
dummy_images\WATCH\1.CARTIER\微商相册\11.19\原图\CARTIER BALLON BLEU 42 ROSE GOLD DIAMOND MENS WATCH WE900851\主图\WE900851.jpg,10,watch,,dummy_images\WATCH\1.CARTIER\微商相册\11.19\已整理\CARTIER BALLON BLEU 42 ROSE GOLD DIAMOND MENS WATCH WE900851\主图\WE900851.jpg,cvs\new_watermark.png
dummy_images\WATCH\1.CARTIER\微商相册\11.19\原图\CARTIER BALLON BLEU 42 ROSE GOLD DIAMOND MENS WATCH WE900851\附图\WE900851-1.jpg,10,watch,,dummy_images\WATCH\1.CARTIER\微商相册\11.19\已整理\CARTIER BALLON BLEU 42 ROSE GOLD DIAMOND MENS WATCH WE900851\附图\WE900851-1.jpg,cvs\new_watermark.png
dummy_images\WATCH\1.CARTIER\微商相册\11.19\原图\CARTIER BALLON BLEU 42 ROSE GOLD DIAMOND MENS WATCH WE900851\附图\WE900851-2.jpg,10,watch,,dummy_images\WATCH\1.CARTIER\微商相册\11.19\已整理\CARTIER BALLON BLEU 42 ROSE GOLD DIAMOND MENS WATCH WE900851\附图\WE900851-2.jpg,cvs\new_watermark.png
dummy_images\WATCH\1.CARTIER\微商相册\11.19\原图\CARTIER BALLON BLEU 42 ROSE GOLD DIAMOND MENS WATCH WE900851\附图\WE900851-3.jpg,10,watch,,dummy_images\WATCH\1.CARTIER\微商相册\11.19\已整理\CARTIER BALLON BLEU 42 ROSE GOLD DIAMOND MENS WATCH WE900851\附图\WE900851-3.jpg,cvs\new_watermark.png
dummy_images\WATCH\1.CARTIER\微商相册\11.19\原图\CARTIER BALLON BLEU 42 ROSE GOLD DIAMOND MENS WATCH WE900851\附图\WE900851-4.jpg,10,watch,,dummy_images\WATCH\1.CARTIER\微商相册\11.19\已整理\CARTIER BALLON BLEU 42 ROSE GOLD DIAMOND MENS WATCH WE900851\附图\WE900851-4.jpg,cvs\new_watermark.png
dummy_images\WATCH\1.CARTIER\微商相册\11.19\原图\CARTIER BALLON BLEU 42 ROSE GOLD DIAMOND MENS WATCH WE900851\附图\WE900851-5.jpg,10,watch,,dummy_images\WATCH\1.CARTIER\微商相册\11.19\已整理\CARTIER BALLON BLEU 42 ROSE GOLD DIAMOND MENS WATCH WE900851\附图\WE900851-5.jpg,cvs\new_watermark.png
dummy_images\WATCH\1.CARTIER\微商相册\11.19\原图\CARTIER BALLON BLEU 42 ROSE GOLD DIAMOND MENS WATCH WE900851\附图\WE900851-6.jpg,10,watch,,dummy_images\WATCH\1.CARTIER\微商相册\11.19\已整理\CARTIER BALLON BLEU 42 ROSE GOLD DIAMOND MENS WATCH WE900851\附图\WE900851-6.jpg,cvs\new_watermark.png
"dummy_images\WATCH\1.CARTIER\微商相册\11.19\原图\CARTIER BALLON BLEU DE CARTIER WATCH 33MM, AUTOMATIC MOVEMENT, ROSE GOLD, LEATHER W6920097\主图\W6920097.jpg",11,watch,,"dummy_images\WATCH\1.CARTIER\微商相册\11.19\已整理\CARTIER BALLON BLEU DE CARTIER WATCH 33MM, AUTOMATIC MOVEMENT, ROSE GOLD, LEATHER W6920097\主图\W6920097.jpg",cvs\new_watermark.png
"dummy_images\WATCH\1.CARTIER\微商相册\11.19\原图\CARTIER BALLON BLEU DE CARTIER WATCH 33MM, AUTOMATIC MOVEMENT, ROSE GOLD, LEATHER W6920097\附图\W6920097-1.jpg",11,watch,,"dummy_images\WATCH\1.CARTIER\微商相册\11.19\已整理\CARTIER BALLON BLEU DE CARTIER WATCH 33MM, AUTOMATIC MOVEMENT, ROSE GOLD, LEATHER W6920097\附图\W6920097-1.jpg",cvs\new_watermark.png
"dummy_images\WATCH\1.CARTIER\微商相册\11.19\原图\CARTIER BALLON BLEU DE CARTIER WATCH 33MM, AUTOMATIC MOVEMENT, ROSE GOLD, LEATHER W6920097\附图\W6920097-2.jpg",11,watch,,"dummy_images\WATCH\1.CARTIER\微商相册\11.19\已整理\CARTIER BALLON BLEU DE CARTIER WATCH 33MM, AUTOMATIC MOVEMENT, ROSE GOLD, LEATHER W6920097\附图\W6920097-2.jpg",cvs\new_watermark.png
"dummy_images\WATCH\1.CARTIER\微商相册\11.19\原图\CARTIER BALLON BLEU DE CARTIER WATCH 33MM, AUTOMATIC MOVEMENT, ROSE GOLD, LEATHER W6920097\附图\W6920097-3.jpg",11,watch,,"dummy_images\WATCH\1.CARTIER\微商相册\11.19\已整理\CARTIER BALLON BLEU DE CARTIER WATCH 33MM, AUTOMATIC MOVEMENT, ROSE GOLD, LEATHER W6920097\附图\W6920097-3.jpg",cvs\new_watermark.png
"dummy_images\WATCH\1.CARTIER\微商相册\11.19\原图\CARTIER BALLON BLEU DE CARTIER WATCH 33MM, AUTOMATIC MOVEMENT, ROSE GOLD, LEATHER W6920097\附图\W6920097-4.jpg",11,watch,,"dummy_images\WATCH\1.CARTIER\微商相册\11.19\已整理\CARTIER BALLON BLEU DE CARTIER WATCH 33MM, AUTOMATIC MOVEMENT, ROSE GOLD, LEATHER W6920097\附图\W6920097-4.jpg",cvs\new_watermark.png
"dummy_images\WATCH\1.CARTIER\微商相册\11.19\原图\CARTIER BALLON BLEU DE CARTIER WATCH 33MM, AUTOMATIC MOVEMENT, ROSE GOLD, LEATHER W6920097\附图\W6920097-5.jpg",11,watch,,"dummy_images\WATCH\1.CARTIER\微商相册\11.19\已整理\CARTIER BALLON BLEU DE CARTIER WATCH 33MM, AUTOMATIC MOVEMENT, ROSE GOLD, LEATHER W6920097\附图\W6920097-5.jpg",cvs\new_watermark.png
"dummy_images\WATCH\1.CARTIER\微商相册\11.19\原图\CARTIER BALLON BLEU DE CARTIER WATCH 33MM, AUTOMATIC MOVEMENT, ROSE GOLD, LEATHER W6920097\附图\W6920097-6.jpg",11,watch,,"dummy_images\WATCH\1.CARTIER\微商相册\11.19\已整理\CARTIER BALLON BLEU DE CARTIER WATCH 33MM, AUTOMATIC MOVEMENT, ROSE GOLD, LEATHER W6920097\附图\W6920097-6.jpg",cvs\new_watermark.png
"dummy_images\WATCH\1.CARTIER\微商相册\11.19\原图\CARTIER BALLON BLEU DE CARTIER WATCH 33MM, AUTOMATIC MOVEMENT, ROSE GOLD, LEATHER W6920097\附图\W6920097-7.jpg",11,watch,,"dummy_images\WATCH\1.CARTIER\微商相册\11.19\已整理\CARTIER BALLON BLEU DE CARTIER WATCH 33MM, AUTOMATIC MOVEMENT, ROSE GOLD, LEATHER W6920097\附图\W6920097-7.jpg",cvs\new_watermark.png
"dummy_images\WATCH\1.CARTIER\微商相册\11.19\原图\CARTIER BALLON BLEU DE CARTIER WATCH 33MM, AUTOMATIC MOVEMENT, ROSE GOLD, LEATHER W6920097\附图\W6920097-8.jpg",11,watch,,"dummy_images\WATCH\1.CARTIER\微商相册\11.19\已整理\CARTIER BALLON BLEU DE CARTIER WATCH 33MM, AUTOMATIC MOVEMENT, ROSE GOLD, LEATHER W6920097\附图\W6920097-8.jpg",cvs\new_watermark.png
dummy_images\WATCH\1.CARTIER\微商相册\11.19\原图\CARTIER BALLON BLEU DE CARTIER WATCH W4BB0021\主图\W4BB0021.jpeg,12,watch,,,cvs\new_watermark.png
dummy_images\WATCH\1.CARTIER\微商相册\11.19\原图\CARTIER BALLON BLEU DE CARTIER WATCH W4BB0021\附图\W4BB0021-1.jpeg,12,watch,,dummy_images\WATCH\1.CARTIER\微商相册\11.19\已整理\CARTIER BALLON BLEU DE CARTIER WATCH W4BB0021\附图\W4BB0021-1.jpeg,cvs\new_watermark.png
dummy_images\WATCH\1.CARTIER\微商相册\11.19\原图\CARTIER BALLON BLEU DE CARTIER WATCH W4BB0021\附图\W4BB0021-2.jpeg,12,watch,,dummy_images\WATCH\1.CARTIER\微商相册\11.19\已整理\CARTIER BALLON BLEU DE CARTIER WATCH W4BB0021\附图\W4BB0021-2.jpeg,cvs\new_watermark.png
dummy_images\WATCH\1.CARTIER\微商相册\11.19\原图\CARTIER BALLON BLEU DE CARTIER WATCH W4BB0021\附图\W4BB0021-3.jpeg,12,watch,,dummy_images\WATCH\1.CARTIER\微商相册\11.19\已整理\CARTIER BALLON BLEU DE CARTIER WATCH W4BB0021\附图\W4BB0021-3.jpeg,cvs\new_watermark.png
dummy_images\WATCH\1.CARTIER\微商相册\11.19\原图\CARTIER BALLON BLEU DE CARTIER WATCH W4BB0021\附图\W4BB0021-4.jpeg,12,watch,,dummy_images\WATCH\1.CARTIER\微商相册\11.19\已整理\CARTIER BALLON BLEU DE CARTIER WATCH W4BB0021\附图\W4BB0021-4.jpeg,cvs\new_watermark.png
dummy_images\WATCH\1.CARTIER\微商相册\11.19\原图\CARTIER BALLON BLEU DE CARTIER WATCH W4BB0021\附图\W4BB0021-5.jpeg,12,watch,,dummy_images\WATCH\1.CARTIER\微商相册\11.19\已整理\CARTIER BALLON BLEU DE CARTIER WATCH W4BB0021\附图\W4BB0021-5.jpeg,cvs\new_watermark.png
dummy_images\WATCH\1.CARTIER\微商相册\11.19\原图\CARTIER BALLON BLEU DE CARTIER WATCH W4BB0021\附图\W4BB0021-6.jpeg,12,watch,,dummy_images\WATCH\1.CARTIER\微商相册\11.19\已整理\CARTIER BALLON BLEU DE CARTIER WATCH W4BB0021\附图\W4BB0021-6.jpeg,cvs\new_watermark.png
dummy_images\WATCH\1.CARTIER\微商相册\11.19\原图\CARTIER BALLON BLEU DE CARTIER WATCH W4BB0021\附图\W4BB0021-7.jpeg,12,watch,,dummy_images\WATCH\1.CARTIER\微商相册\11.19\已整理\CARTIER BALLON BLEU DE CARTIER WATCH W4BB0021\附图\W4BB0021-7.jpeg,cvs\new_watermark.png
dummy_images\WATCH\1.CARTIER\微商相册\11.19\原图\CARTIER BALLON BLEU DE CARTIER WATCH W4BB0021\附图\W4BB0021-8.jpeg,12,watch,,dummy_images\WATCH\1.CARTIER\微商相册\11.19\已整理\CARTIER BALLON BLEU DE CARTIER WATCH W4BB0021\附图\W4BB0021-8.jpeg,cvs\new_watermark.png
dummy_images\WATCH\1.CARTIER\微商相册\11.19\原图\CARTIER BALLON BLEU DE CARTIER WATCH W4BB0023\主图\W4BB0023.jpeg,13,watch,,dummy_images\WATCH\1.CARTIER\微商相册\11.19\已整理\CARTIER BALLON BLEU DE CARTIER WATCH W4BB0023\主图\W4BB0023.jpeg,cvs\new_watermark.png
dummy_images\WATCH\1.CARTIER\微商相册\11.19\原图\CARTIER BALLON BLEU DE CARTIER WATCH W4BB0023\附图\W4BB0023-1.jpeg,13,watch,,dummy_images\WATCH\1.CARTIER\微商相册\11.19\已整理\CARTIER BALLON BLEU DE CARTIER WATCH W4BB0023\附图\W4BB0023-1.jpeg,cvs\new_watermark.png
dummy_images\WATCH\1.CARTIER\微商相册\11.19\原图\CARTIER BALLON BLEU DE CARTIER WATCH W4BB0023\附图\W4BB0023-2.jpeg,13,watch,,dummy_images\WATCH\1.CARTIER\微商相册\11.19\已整理\CARTIER BALLON BLEU DE CARTIER WATCH W4BB0023\附图\W4BB0023-2.jpeg,cvs\new_watermark.png
dummy_images\WATCH\1.CARTIER\微商相册\11.19\原图\CARTIER BALLON BLEU DE CARTIER WATCH W4BB0023\附图\W4BB0023-3.jpeg,13,watch,,dummy_images\WATCH\1.CARTIER\微商相册\11.19\已整理\CARTIER BALLON BLEU DE CARTIER WATCH W4BB0023\附图\W4BB0023-3.jpeg,cvs\new_watermark.png
dummy_images\WATCH\1.CARTIER\微商相册\11.19\原图\CARTIER BALLON BLEU DE CARTIER WATCH W4BB0023\附图\W4BB0023-4.jpeg,13,watch,,dummy_images\WATCH\1.CARTIER\微商相册\11.19\已整理\CARTIER BALLON BLEU DE CARTIER WATCH W4BB0023\附图\W4BB0023-4.jpeg,cvs\new_watermark.png
dummy_images\WATCH\1.CARTIER\微商相册\11.19\原图\CARTIER BALLON BLEU DE CARTIER WATCH W4BB0023\附图\W4BB0023-5.jpeg,13,watch,,dummy_images\WATCH\1.CARTIER\微商相册\11.19\已整理\CARTIER BALLON BLEU DE CARTIER WATCH W4BB0023\附图\W4BB0023-5.jpeg,cvs\new_watermark.png
dummy_images\WATCH\1.CARTIER\微商相册\11.19\原图\CARTIER BALLON BLEU DE CARTIER WATCH W4BB0023\附图\W4BB0023-6.jpeg,13,watch,,dummy_images\WATCH\1.CARTIER\微商相册\11.19\已整理\CARTIER BALLON BLEU DE CARTIER WATCH W4BB0023\附图\W4BB0023-6.jpeg,cvs\new_watermark.png
dummy_images\WATCH\1.CARTIER\微商相册\11.19\原图\CARTIER BALLON BLEU DE CARTIER WATCH W4BB0028\主图\W4BB0028.jpeg,14,watch,,,cvs\new_watermark.png
dummy_images\WATCH\1.CARTIER\微商相册\11.19\原图\CARTIER BALLON BLEU DE CARTIER WATCH W4BB0028\附图\W4BB0028-1.jpeg,14,watch,,dummy_images\WATCH\1.CARTIER\微商相册\11.19\已整理\CARTIER BALLON BLEU DE CARTIER WATCH W4BB0028\附图\W4BB0028-1.jpeg,cvs\new_watermark.png
dummy_images\WATCH\1.CARTIER\微商相册\11.19\原图\CARTIER BALLON BLEU DE CARTIER WATCH W4BB0028\附图\W4BB0028-2.jpeg,14,watch,,dummy_images\WATCH\1.CARTIER\微商相册\11.19\已整理\CARTIER BALLON BLEU DE CARTIER WATCH W4BB0028\附图\W4BB0028-2.jpeg,cvs\new_watermark.png
dummy_images\WATCH\1.CARTIER\微商相册\11.19\原图\CARTIER BALLON BLEU DE CARTIER WATCH W4BB0028\附图\W4BB0028-3.jpeg,14,watch,,dummy_images\WATCH\1.CARTIER\微商相册\11.19\已整理\CARTIER BALLON BLEU DE CARTIER WATCH W4BB0028\附图\W4BB0028-3.jpeg,cvs\new_watermark.png
dummy_images\WATCH\1.CARTIER\微商相册\11.19\原图\CARTIER BALLON BLEU DE CARTIER WATCH W4BB0028\附图\W4BB0028-4.jpeg,14,watch,,dummy_images\WATCH\1.CARTIER\微商相册\11.19\已整理\CARTIER BALLON BLEU DE CARTIER WATCH W4BB0028\附图\W4BB0028-4.jpeg,cvs\new_watermark.png
dummy_images\WATCH\1.CARTIER\微商相册\11.19\原图\CARTIER BALLON BLEU DE CARTIER WATCH W4BB0028\附图\W4BB0028-5.jpeg,14,watch,,dummy_images\WATCH\1.CARTIER\微商相册\11.19\已整理\CARTIER BALLON BLEU DE CARTIER WATCH W4BB0028\附图\W4BB0028-5.jpeg,cvs\new_watermark.png
dummy_images\WATCH\1.CARTIER\微商相册\11.19\原图\CARTIER BALLON BLEU DE CARTIER WATCH W4BB0028\附图\W4BB0028-6.jpeg,14,watch,,dummy_images\WATCH\1.CARTIER\微商相册\11.19\已整理\CARTIER BALLON BLEU DE CARTIER WATCH W4BB0028\附图\W4BB0028-6.jpeg,cvs\new_watermark.png
dummy_images\WATCH\1.CARTIER\微商相册\11.19\原图\CARTIER BALLON BLEU DE CARTIER WATCH W4BB0028\附图\W4BB0028-7.jpeg,14,watch,,dummy_images\WATCH\1.CARTIER\微商相册\11.19\已整理\CARTIER BALLON BLEU DE CARTIER WATCH W4BB0028\附图\W4BB0028-7.jpeg,cvs\new_watermark.png
dummy_images\WATCH\1.CARTIER\微商相册\11.19\原图\CARTIER BALLON BLEU DE CARTIER WATCH WJBB0033\主图\WJBB0033.jpeg,15,watch,,,cvs\new_watermark.png
dummy_images\WATCH\1.CARTIER\微商相册\11.19\原图\CARTIER BALLON BLEU DE CARTIER WATCH WJBB0033\附图\WJBB0033-1.jpeg,15,watch,,dummy_images\WATCH\1.CARTIER\微商相册\11.19\已整理\CARTIER BALLON BLEU DE CARTIER WATCH WJBB0033\附图\WJBB0033-1.jpeg,cvs\new_watermark.png
dummy_images\WATCH\1.CARTIER\微商相册\11.19\原图\CARTIER BALLON BLEU DE CARTIER WATCH WJBB0033\附图\WJBB0033-2.jpeg,15,watch,,dummy_images\WATCH\1.CARTIER\微商相册\11.19\已整理\CARTIER BALLON BLEU DE CARTIER WATCH WJBB0033\附图\WJBB0033-2.jpeg,cvs\new_watermark.png
dummy_images\WATCH\1.CARTIER\微商相册\11.19\原图\CARTIER BALLON BLEU DE CARTIER WATCH WJBB0033\附图\WJBB0033-3.jpeg,15,watch,,dummy_images\WATCH\1.CARTIER\微商相册\11.19\已整理\CARTIER BALLON BLEU DE CARTIER WATCH WJBB0033\附图\WJBB0033-3.jpeg,cvs\new_watermark.png
dummy_images\WATCH\1.CARTIER\微商相册\11.19\原图\CARTIER BALLON BLEU DE CARTIER WATCH WJBB0033\附图\WJBB0033-4.jpeg,15,watch,,dummy_images\WATCH\1.CARTIER\微商相册\11.19\已整理\CARTIER BALLON BLEU DE CARTIER WATCH WJBB0033\附图\WJBB0033-4.jpeg,cvs\new_watermark.png
dummy_images\WATCH\1.CARTIER\微商相册\11.19\原图\CARTIER BALLON BLEU DE CARTIER WATCH WJBB0033\附图\WJBB0033-5.jpeg,15,watch,,dummy_images\WATCH\1.CARTIER\微商相册\11.19\已整理\CARTIER BALLON BLEU DE CARTIER WATCH WJBB0033\附图\WJBB0033-5.jpeg,cvs\new_watermark.png
dummy_images\WATCH\1.CARTIER\微商相册\11.19\原图\CARTIER BALLON BLEU DE CARTIER WATCH WJBB0033\附图\WJBB0033-6.jpeg,15,watch,,dummy_images\WATCH\1.CARTIER\微商相册\11.19\已整理\CARTIER BALLON BLEU DE CARTIER WATCH WJBB0033\附图\WJBB0033-6.jpeg,cvs\new_watermark.png
dummy_images\WATCH\1.CARTIER\微商相册\11.19\原图\CARTIER BALLON BLEU DE CARTIER WATCH WJBB0033\附图\WJBB0033-7.jpeg,15,watch,,dummy_images\WATCH\1.CARTIER\微商相册\11.19\已整理\CARTIER BALLON BLEU DE CARTIER WATCH WJBB0033\附图\WJBB0033-7.jpeg,cvs\new_watermark.png
dummy_images\WATCH\1.CARTIER\微商相册\11.19\原图\CARTIER BALLON BLEU DE CARTIER WATCH WJBB0033\附图\WJBB0033-8.jpeg,15,watch,,dummy_images\WATCH\1.CARTIER\微商相册\11.19\已整理\CARTIER BALLON BLEU DE CARTIER WATCH WJBB0033\附图\WJBB0033-8.jpeg,cvs\new_watermark.png
dummy_images\WATCH\1.CARTIER\微商相册\11.19\原图\CARTIER BALLON BLEU DE CARTIER WATCH WJBB0076\主图\WJBB0076.jpeg,16,watch,,,cvs\new_watermark.png
dummy_images\WATCH\1.CARTIER\微商相册\11.19\原图\CARTIER BALLON BLEU DE CARTIER WATCH WJBB0076\附图\WJBB0076-1.jpeg,16,watch,,dummy_images\WATCH\1.CARTIER\微商相册\11.19\已整理\CARTIER BALLON BLEU DE CARTIER WATCH WJBB0076\附图\WJBB0076-1.jpeg,cvs\new_watermark.png
dummy_images\WATCH\1.CARTIER\微商相册\11.19\原图\CARTIER BALLON BLEU DE CARTIER WATCH WJBB0076\附图\WJBB0076-2.jpeg,16,watch,,dummy_images\WATCH\1.CARTIER\微商相册\11.19\已整理\CARTIER BALLON BLEU DE CARTIER WATCH WJBB0076\附图\WJBB0076-2.jpeg,cvs\new_watermark.png
dummy_images\WATCH\1.CARTIER\微商相册\11.19\原图\CARTIER BALLON BLEU DE CARTIER WATCH WJBB0076\附图\WJBB0076-3.jpeg,16,watch,,dummy_images\WATCH\1.CARTIER\微商相册\11.19\已整理\CARTIER BALLON BLEU DE CARTIER WATCH WJBB0076\附图\WJBB0076-3.jpeg,cvs\new_watermark.png
dummy_images\WATCH\1.CARTIER\微商相册\11.19\原图\CARTIER BALLON BLEU DE CARTIER WATCH WJBB0076\附图\WJBB0076-4.jpeg,16,watch,,dummy_images\WATCH\1.CARTIER\微商相册\11.19\已整理\CARTIER BALLON BLEU DE CARTIER WATCH WJBB0076\附图\WJBB0076-4.jpeg,cvs\new_watermark.png
dummy_images\WATCH\1.CARTIER\微商相册\11.19\原图\CARTIER BALLON BLEU DE CARTIER WATCH WJBB0076\附图\WJBB0076-5.jpeg,16,watch,,dummy_images\WATCH\1.CARTIER\微商相册\11.19\已整理\CARTIER BALLON BLEU DE CARTIER WATCH WJBB0076\附图\WJBB0076-5.jpeg,cvs\new_watermark.png
dummy_images\WATCH\1.CARTIER\微商相册\11.19\原图\CARTIER BALLON BLEU DE CARTIER WATCH WJBB0076\附图\WJBB0076-6.jpeg,16,watch,,dummy_images\WATCH\1.CARTIER\微商相册\11.19\已整理\CARTIER BALLON BLEU DE CARTIER WATCH WJBB0076\附图\WJBB0076-6.jpeg,cvs\new_watermark.png
dummy_images\WATCH\1.CARTIER\微商相册\11.19\原图\CARTIER SANTOS DE CARTIER WATCH WSSA0064\主图\WSSA0064.jpeg,17,watch,,,cvs\new_watermark.png
dummy_images\WATCH\1.CARTIER\微商相册\11.19\原图\CARTIER SANTOS DE CARTIER WATCH WSSA0064\附图\WSSA0064-1.jpeg,17,watch,,dummy_images\WATCH\1.CARTIER\微商相册\11.19\已整理\CARTIER SANTOS DE CARTIER WATCH WSSA0064\附图\WSSA0064-1.jpeg,cvs\new_watermark.png
dummy_images\WATCH\1.CARTIER\微商相册\11.19\原图\CARTIER SANTOS DE CARTIER WATCH WSSA0064\附图\WSSA0064-2.jpeg,17,watch,,dummy_images\WATCH\1.CARTIER\微商相册\11.19\已整理\CARTIER SANTOS DE CARTIER WATCH WSSA0064\附图\WSSA0064-2.jpeg,cvs\new_watermark.png
dummy_images\WATCH\1.CARTIER\微商相册\11.19\原图\CARTIER SANTOS DE CARTIER WATCH WSSA0064\附图\WSSA0064-3.jpeg,17,watch,,dummy_images\WATCH\1.CARTIER\微商相册\11.19\已整理\CARTIER SANTOS DE CARTIER WATCH WSSA0064\附图\WSSA0064-3.jpeg,cvs\new_watermark.png
dummy_images\WATCH\1.CARTIER\微商相册\11.19\原图\CARTIER SANTOS DE CARTIER WATCH WSSA0064\附图\WSSA0064-4.jpeg,17,watch,,dummy_images\WATCH\1.CARTIER\微商相册\11.19\已整理\CARTIER SANTOS DE CARTIER WATCH WSSA0064\附图\WSSA0064-4.jpeg,cvs\new_watermark.png
dummy_images\WATCH\1.CARTIER\微商相册\11.19\原图\CARTIER SANTOS DE CARTIER WATCH WSSA0064\附图\WSSA0064-5.jpeg,17,watch,,dummy_images\WATCH\1.CARTIER\微商相册\11.19\已整理\CARTIER SANTOS DE CARTIER WATCH WSSA0064\附图\WSSA0064-5.jpeg,cvs\new_watermark.png
dummy_images\WATCH\1.CARTIER\微商相册\11.20\原图\1CARTIER BALLON BLEU DE CARTIER WATCH W69010Z4\主图\W69010Z4.jpeg.jpg,18,watch,,,cvs\new_watermark.png
dummy_images\WATCH\1.CARTIER\微商相册\11.20\原图\1CARTIER BALLON BLEU DE CARTIER WATCH W69010Z4\附图\W69010Z4-1.jpeg,18,watch,,dummy_images\WATCH\1.CARTIER\微商相册\11.20\已整理\1CARTIER BALLON BLEU DE CARTIER WATCH W69010Z4\附图\W69010Z4-1.jpg,cvs\new_watermark.png
dummy_images\WATCH\1.CARTIER\微商相册\11.20\原图\1CARTIER BALLON BLEU DE CARTIER WATCH W69010Z4\附图\W69010Z4-2.jpeg,18,watch,,dummy_images\WATCH\1.CARTIER\微商相册\11.20\已整理\1CARTIER BALLON BLEU DE CARTIER WATCH W69010Z4\附图\W69010Z4-2.jpg,cvs\new_watermark.png
dummy_images\WATCH\1.CARTIER\微商相册\11.20\原图\1CARTIER BALLON BLEU DE CARTIER WATCH W69010Z4\附图\W69010Z4-3.jpeg,18,watch,,dummy_images\WATCH\1.CARTIER\微商相册\11.20\已整理\1CARTIER BALLON BLEU DE CARTIER WATCH W69010Z4\附图\W69010Z4-3.jpg,cvs\new_watermark.png
dummy_images\WATCH\1.CARTIER\微商相册\11.20\原图\1CARTIER BALLON BLEU DE CARTIER WATCH W69010Z4\附图\W69010Z4-4.jpeg,18,watch,,dummy_images\WATCH\1.CARTIER\微商相册\11.20\已整理\1CARTIER BALLON BLEU DE CARTIER WATCH W69010Z4\附图\W69010Z4-4.jpg,cvs\new_watermark.png
dummy_images\WATCH\1.CARTIER\微商相册\11.20\原图\1CARTIER BALLON BLEU DE CARTIER WATCH W69010Z4\附图\W69010Z4-5.jpeg,18,watch,,dummy_images\WATCH\1.CARTIER\微商相册\11.20\已整理\1CARTIER BALLON BLEU DE CARTIER WATCH W69010Z4\附图\W69010Z4-5.jpg,cvs\new_watermark.png
dummy_images\WATCH\1.CARTIER\微商相册\11.20\原图\5CARTIER BALLON BLEU ROSE GOLD WATCH W6920083\主图\W6920083.jpg,19,watch,,,cvs\new_watermark.png
dummy_images\WATCH\1.CARTIER\微商相册\11.20\原图\5CARTIER BALLON BLEU ROSE GOLD WATCH W6920083\附图\W6920083-1.jpg,19,watch,,dummy_images\WATCH\1.CARTIER\微商相册\11.20\已整理\5CARTIER BALLON BLEU ROSE GOLD WATCH W6920083\附图\W6920083-1.jpg,cvs\new_watermark.png
dummy_images\WATCH\1.CARTIER\微商相册\11.20\原图\5CARTIER BALLON BLEU ROSE GOLD WATCH W6920083\附图\W6920083-2.jpg,19,watch,,dummy_images\WATCH\1.CARTIER\微商相册\11.20\已整理\5CARTIER BALLON BLEU ROSE GOLD WATCH W6920083\附图\W6920083-2.jpg,cvs\new_watermark.png
dummy_images\WATCH\1.CARTIER\微商相册\11.20\原图\5CARTIER BALLON BLEU ROSE GOLD WATCH W6920083\附图\W6920083-3.jpg,19,watch,,dummy_images\WATCH\1.CARTIER\微商相册\11.20\已整理\5CARTIER BALLON BLEU ROSE GOLD WATCH W6920083\附图\W6920083-3.jpg,cvs\new_watermark.png
dummy_images\WATCH\1.CARTIER\微商相册\11.20\原图\5CARTIER BALLON BLEU ROSE GOLD WATCH W6920083\附图\W6920083-4.jpg,19,watch,,dummy_images\WATCH\1.CARTIER\微商相册\11.20\已整理\5CARTIER BALLON BLEU ROSE GOLD WATCH W6920083\附图\W6920083-4.jpg,cvs\new_watermark.png
dummy_images\WATCH\1.CARTIER\微商相册\11.20\原图\10CARTIER PANTHèRE DE CARTIER WATCH WJPN0048\主图\WJPN0048.jpg,20,watch,,,cvs\new_watermark.png
dummy_images\WATCH\1.CARTIER\微商相册\11.20\原图\10CARTIER PANTHèRE DE CARTIER WATCH WJPN0048\附图\WJPN0048-1.jpg,20,watch,,dummy_images\WATCH\1.CARTIER\微商相册\11.20\已整理\10CARTIER PANTHèRE DE CARTIER WATCH WJPN0048\附图\WJPN0048-1.jpg,cvs\new_watermark.png
dummy_images\WATCH\1.CARTIER\微商相册\11.20\原图\10CARTIER PANTHèRE DE CARTIER WATCH WJPN0048\附图\WJPN0048-2.jpg,20,watch,,dummy_images\WATCH\1.CARTIER\微商相册\11.20\已整理\10CARTIER PANTHèRE DE CARTIER WATCH WJPN0048\附图\WJPN0048-2.jpg,cvs\new_watermark.png
dummy_images\WATCH\1.CARTIER\微商相册\11.20\原图\10CARTIER PANTHèRE DE CARTIER WATCH WJPN0048\附图\WJPN0048-3.jpg,20,watch,,dummy_images\WATCH\1.CARTIER\微商相册\11.20\已整理\10CARTIER PANTHèRE DE CARTIER WATCH WJPN0048\附图\WJPN0048-3.jpg,cvs\new_watermark.png
dummy_images\WATCH\1.CARTIER\微商相册\11.20\原图\10CARTIER PANTHèRE DE CARTIER WATCH WJPN0048\附图\WJPN0048-4.jpg,20,watch,,dummy_images\WATCH\1.CARTIER\微商相册\11.20\已整理\10CARTIER PANTHèRE DE CARTIER WATCH WJPN0048\附图\WJPN0048-4.jpg,cvs\new_watermark.png
dummy_images\WATCH\1.CARTIER\微商相册\11.20\原图\10CARTIER PANTHèRE DE CARTIER WATCH WJPN0048\附图\WJPN0048-5.jpg,20,watch,,dummy_images\WATCH\1.CARTIER\微商相册\11.20\已整理\10CARTIER PANTHèRE DE CARTIER WATCH WJPN0048\附图\WJPN0048-5.jpg,cvs\new_watermark.png
dummy_images\WATCH\1.CARTIER\微商相册\11.20\原图\10CARTIER PANTHèRE DE CARTIER WATCH WJPN0048\附图\WJPN0048-6.jpg,20,watch,,dummy_images\WATCH\1.CARTIER\微商相册\11.20\已整理\10CARTIER PANTHèRE DE CARTIER WATCH WJPN0048\附图\WJPN0048-6.jpg,cvs\new_watermark.png
dummy_images\WATCH\1.CARTIER\微商相册\11.20\原图\12CARTIER SANTOS DE CARTIER 100 CARBON AUTOMATIC LARGE MODEL WATCH WSSA0006\主图\WSSA0006.jpg,21,watch,,,cvs\new_watermark.png
dummy_images\WATCH\1.CARTIER\微商相册\11.20\原图\12CARTIER SANTOS DE CARTIER 100 CARBON AUTOMATIC LARGE MODEL WATCH WSSA0006\附图\WSSA0006-1.jpg,21,watch,,,cvs\new_watermark.png
dummy_images\WATCH\1.CARTIER\微商相册\11.20\原图\12CARTIER SANTOS DE CARTIER 100 CARBON AUTOMATIC LARGE MODEL WATCH WSSA0006\附图\WSSA0006-2.jpg,21,watch,,dummy_images\WATCH\1.CARTIER\微商相册\11.20\已整理\12CARTIER SANTOS DE CARTIER 100 CARBON AUTOMATIC LARGE MODEL WATCH WSSA0006\附图\WSSA0006-2.jpg,cvs\new_watermark.png
dummy_images\WATCH\1.CARTIER\微商相册\11.20\原图\12CARTIER SANTOS DE CARTIER 100 CARBON AUTOMATIC LARGE MODEL WATCH WSSA0006\附图\WSSA0006-3.jpg,21,watch,,dummy_images\WATCH\1.CARTIER\微商相册\11.20\已整理\12CARTIER SANTOS DE CARTIER 100 CARBON AUTOMATIC LARGE MODEL WATCH WSSA0006\附图\WSSA0006-3.jpg,cvs\new_watermark.png
dummy_images\WATCH\1.CARTIER\微商相册\11.20\原图\12CARTIER SANTOS DE CARTIER 100 CARBON AUTOMATIC LARGE MODEL WATCH WSSA0006\附图\WSSA0006-4.jpg,21,watch,,dummy_images\WATCH\1.CARTIER\微商相册\11.20\已整理\12CARTIER SANTOS DE CARTIER 100 CARBON AUTOMATIC LARGE MODEL WATCH WSSA0006\附图\WSSA0006-4.jpg,cvs\new_watermark.png
dummy_images\WATCH\1.CARTIER\微商相册\11.20\原图\13CARTIER SANTOS DE CARTIER WATCH WSSA0018\主图\WSSA0018.jpeg,22,watch,,,cvs\new_watermark.png
dummy_images\WATCH\1.CARTIER\微商相册\11.20\原图\13CARTIER SANTOS DE CARTIER WATCH WSSA0018\附图\WSSA0018-1.jpeg,22,watch,,dummy_images\WATCH\1.CARTIER\微商相册\11.20\已整理\13CARTIER SANTOS DE CARTIER WATCH WSSA0018\附图\WSSA0018-1.jpg,cvs\new_watermark.png
dummy_images\WATCH\1.CARTIER\微商相册\11.20\原图\13CARTIER SANTOS DE CARTIER WATCH WSSA0018\附图\WSSA0018-2.jpeg,22,watch,,dummy_images\WATCH\1.CARTIER\微商相册\11.20\已整理\13CARTIER SANTOS DE CARTIER WATCH WSSA0018\附图\WSSA0018-2.jpg,cvs\new_watermark.png
dummy_images\WATCH\1.CARTIER\微商相册\11.20\原图\13CARTIER SANTOS DE CARTIER WATCH WSSA0018\附图\WSSA0018-3.jpeg,22,watch,,dummy_images\WATCH\1.CARTIER\微商相册\11.20\已整理\13CARTIER SANTOS DE CARTIER WATCH WSSA0018\附图\WSSA0018-3.jpg,cvs\new_watermark.png
dummy_images\WATCH\1.CARTIER\微商相册\11.20\原图\13CARTIER SANTOS DE CARTIER WATCH WSSA0018\附图\WSSA0018-4.jpeg,22,watch,,dummy_images\WATCH\1.CARTIER\微商相册\11.20\已整理\13CARTIER SANTOS DE CARTIER WATCH WSSA0018\附图\WSSA0018-4.jpg,cvs\new_watermark.png
dummy_images\WATCH\1.CARTIER\微商相册\11.20\原图\13CARTIER SANTOS DE CARTIER WATCH WSSA0018\附图\WSSA0018-5.jpeg,22,watch,,dummy_images\WATCH\1.CARTIER\微商相册\11.20\已整理\13CARTIER SANTOS DE CARTIER WATCH WSSA0018\附图\WSSA0018-5.jpg,cvs\new_watermark.png
dummy_images\WATCH\1.CARTIER\微商相册\11.20\原图\14CARTIER SANTOS DE CARTIER WATCH WSSA0071\主图\WSSA0071.jpeg,23,watch,,,cvs\new_watermark.png
dummy_images\WATCH\1.CARTIER\微商相册\11.20\原图\14CARTIER SANTOS DE CARTIER WATCH WSSA0071\附图\WSSA0071-1.jpeg,23,watch,,dummy_images\WATCH\1.CARTIER\微商相册\11.20\已整理\14CARTIER SANTOS DE CARTIER WATCH WSSA0071\附图\WSSA0071-1.jpg,cvs\new_watermark.png
dummy_images\WATCH\1.CARTIER\微商相册\11.20\原图\14CARTIER SANTOS DE CARTIER WATCH WSSA0071\附图\WSSA0071-2.jpeg,23,watch,,dummy_images\WATCH\1.CARTIER\微商相册\11.20\已整理\14CARTIER SANTOS DE CARTIER WATCH WSSA0071\附图\WSSA0071-2.jpg,cvs\new_watermark.png
dummy_images\WATCH\1.CARTIER\微商相册\11.20\原图\14CARTIER SANTOS DE CARTIER WATCH WSSA0071\附图\WSSA0071-3.jpeg,23,watch,,dummy_images\WATCH\1.CARTIER\微商相册\11.20\已整理\14CARTIER SANTOS DE CARTIER WATCH WSSA0071\附图\WSSA0071-3.jpg,cvs\new_watermark.png
dummy_images\WATCH\1.CARTIER\微商相册\11.20\原图\14CARTIER SANTOS DE CARTIER WATCH WSSA0071\附图\WSSA0071-4.jpeg,23,watch,,dummy_images\WATCH\1.CARTIER\微商相册\11.20\已整理\14CARTIER SANTOS DE CARTIER WATCH WSSA0071\附图\WSSA0071-4.jpg,cvs\new_watermark.png
dummy_images\WATCH\1.CARTIER\微商相册\11.20\原图\14CARTIER SANTOS DE CARTIER WATCH WSSA0071\附图\WSSA0071-5.jpeg,23,watch,,dummy_images\WATCH\1.CARTIER\微商相册\11.20\已整理\14CARTIER SANTOS DE CARTIER WATCH WSSA0071\附图\WSSA0071-5.jpg,cvs\new_watermark.png
dummy_images\WATCH\1.CARTIER\微商相册\11.20\原图\14CARTIER SANTOS DE CARTIER WATCH WSSA0071\附图\WSSA0071-6.jpeg,23,watch,,dummy_images\WATCH\1.CARTIER\微商相册\11.20\已整理\14CARTIER SANTOS DE CARTIER WATCH WSSA0071\附图\WSSA0071-6.jpg,cvs\new_watermark.png
dummy_images\WATCH\1.CARTIER\微商相册\11.20\原图\14CARTIER SANTOS DE CARTIER WATCH WSSA0071\附图\WSSA0071-7.jpeg,23,watch,,dummy_images\WATCH\1.CARTIER\微商相册\11.20\已整理\14CARTIER SANTOS DE CARTIER WATCH WSSA0071\附图\WSSA0071-7.jpg,cvs\new_watermark.png
dummy_images\WATCH\1.CARTIER\微商相册\11.20\原图\16CARTIER SANTOS THREE-SIDED WATCH WM505914\主图\WM505914.jpg,24,watch,,,cvs\new_watermark.png
dummy_images\WATCH\1.CARTIER\微商相册\11.20\原图\16CARTIER SANTOS THREE-SIDED WATCH WM505914\附图\WM505914-1.jpg,24,watch,,dummy_images\WATCH\1.CARTIER\微商相册\11.20\已整理\16CARTIER SANTOS THREE-SIDED WATCH WM505914\附图\WM505914-1.jpg,cvs\new_watermark.png
dummy_images\WATCH\1.CARTIER\微商相册\11.20\原图\16CARTIER SANTOS THREE-SIDED WATCH WM505914\附图\WM505914-2.jpg,24,watch,,dummy_images\WATCH\1.CARTIER\微商相册\11.20\已整理\16CARTIER SANTOS THREE-SIDED WATCH WM505914\附图\WM505914-2.jpg,cvs\new_watermark.png
dummy_images\WATCH\1.CARTIER\微商相册\11.20\原图\16CARTIER SANTOS THREE-SIDED WATCH WM505914\附图\WM505914-3.jpg,24,watch,,dummy_images\WATCH\1.CARTIER\微商相册\11.20\已整理\16CARTIER SANTOS THREE-SIDED WATCH WM505914\附图\WM505914-3.jpg,cvs\new_watermark.png
dummy_images\WATCH\1.CARTIER\微商相册\11.20\原图\16CARTIER SANTOS THREE-SIDED WATCH WM505914\附图\WM505914-4.jpg,24,watch,,dummy_images\WATCH\1.CARTIER\微商相册\11.20\已整理\16CARTIER SANTOS THREE-SIDED WATCH WM505914\附图\WM505914-4.jpg,cvs\new_watermark.png
dummy_images\WATCH\1.CARTIER\微商相册\11.20\原图\18CARTIER TANK LOUIS CARTIER WATCH WGTA0011\主图\WGTA0011.jpeg,25,watch,,,cvs\new_watermark.png
dummy_images\WATCH\1.CARTIER\微商相册\11.20\原图\18CARTIER TANK LOUIS CARTIER WATCH WGTA0011\附图\WGTA0011-1.jpeg,25,watch,,dummy_images\WATCH\1.CARTIER\微商相册\11.20\已整理\18CARTIER TANK LOUIS CARTIER WATCH WGTA0011\附图\WGTA0011-1.jpg,cvs\new_watermark.png
dummy_images\WATCH\1.CARTIER\微商相册\11.20\原图\18CARTIER TANK LOUIS CARTIER WATCH WGTA0011\附图\WGTA0011-2.jpeg,25,watch,,dummy_images\WATCH\1.CARTIER\微商相册\11.20\已整理\18CARTIER TANK LOUIS CARTIER WATCH WGTA0011\附图\WGTA0011-2.jpg,cvs\new_watermark.png
dummy_images\WATCH\1.CARTIER\微商相册\11.20\原图\18CARTIER TANK LOUIS CARTIER WATCH WGTA0011\附图\WGTA0011-3.jpeg,25,watch,,dummy_images\WATCH\1.CARTIER\微商相册\11.20\已整理\18CARTIER TANK LOUIS CARTIER WATCH WGTA0011\附图\WGTA0011-3.jpg,cvs\new_watermark.png
dummy_images\WATCH\1.CARTIER\微商相册\11.20\原图\18CARTIER TANK LOUIS CARTIER WATCH WGTA0011\附图\WGTA0011-4.jpeg,25,watch,,dummy_images\WATCH\1.CARTIER\微商相册\11.20\已整理\18CARTIER TANK LOUIS CARTIER WATCH WGTA0011\附图\WGTA0011-4.jpg,cvs\new_watermark.png
dummy_images\WATCH\1.CARTIER\微商相册\11.20\原图\18CARTIER TANK LOUIS CARTIER WATCH WGTA0011\附图\WGTA0011-5.jpeg,25,watch,,dummy_images\WATCH\1.CARTIER\微商相册\11.20\已整理\18CARTIER TANK LOUIS CARTIER WATCH WGTA0011\附图\WGTA0011-5.jpg,cvs\new_watermark.png
dummy_images\WATCH\1.CARTIER\微商相册\11.20\原图\18CARTIER TANK LOUIS CARTIER WATCH WGTA0011\附图\WGTA0011-6.jpeg,25,watch,,dummy_images\WATCH\1.CARTIER\微商相册\11.20\已整理\18CARTIER TANK LOUIS CARTIER WATCH WGTA0011\附图\WGTA0011-6.jpg,cvs\new_watermark.png
dummy_images\WATCH\1.CARTIER\微商相册\11.20\原图\18CARTIER TANK LOUIS CARTIER WATCH WGTA0011\附图\WGTA0011-7.jpeg,25,watch,,dummy_images\WATCH\1.CARTIER\微商相册\11.20\已整理\18CARTIER TANK LOUIS CARTIER WATCH WGTA0011\附图\WGTA0011-7.jpg,cvs\new_watermark.png
dummy_images\WATCH\1.CARTIER\微商相册\11.20\原图\18CARTIER TANK LOUIS CARTIER WATCH WGTA0011\附图\WGTA0011-8.jpeg,25,watch,,dummy_images\WATCH\1.CARTIER\微商相册\11.20\已整理\18CARTIER TANK LOUIS CARTIER WATCH WGTA0011\附图\WGTA0011-8.jpg,cvs\new_watermark.png
dummy_images\WATCH\1.CARTIER\微商相册\11.20\原图\19CARTIER TANK LOUIS CARTIER WATCH WJTA0015\主图\WJTA0015.jpeg,26,watch,,,cvs\new_watermark.png
dummy_images\WATCH\1.CARTIER\微商相册\11.20\原图\19CARTIER TANK LOUIS CARTIER WATCH WJTA0015\附图\WJTA0015-1.jpeg,26,watch,,dummy_images\WATCH\1.CARTIER\微商相册\11.20\已整理\19CARTIER TANK LOUIS CARTIER WATCH WJTA0015\附图\WJTA0015-1.jpg,cvs\new_watermark.png
dummy_images\WATCH\1.CARTIER\微商相册\11.20\原图\19CARTIER TANK LOUIS CARTIER WATCH WJTA0015\附图\WJTA0015-2.jpeg,26,watch,,dummy_images\WATCH\1.CARTIER\微商相册\11.20\已整理\19CARTIER TANK LOUIS CARTIER WATCH WJTA0015\附图\WJTA0015-2.jpg,cvs\new_watermark.png
dummy_images\WATCH\1.CARTIER\微商相册\11.20\原图\19CARTIER TANK LOUIS CARTIER WATCH WJTA0015\附图\WJTA0015-3.jpeg,26,watch,,dummy_images\WATCH\1.CARTIER\微商相册\11.20\已整理\19CARTIER TANK LOUIS CARTIER WATCH WJTA0015\附图\WJTA0015-3.jpg,cvs\new_watermark.png
dummy_images\WATCH\1.CARTIER\微商相册\11.20\原图\19CARTIER TANK LOUIS CARTIER WATCH WJTA0015\附图\WJTA0015-4.jpeg,26,watch,,dummy_images\WATCH\1.CARTIER\微商相册\11.20\已整理\19CARTIER TANK LOUIS CARTIER WATCH WJTA0015\附图\WJTA0015-4.jpg,cvs\new_watermark.png
dummy_images\WATCH\1.CARTIER\微商相册\11.20\原图\19CARTIER TANK LOUIS CARTIER WATCH WJTA0015\附图\WJTA0015-5.jpeg,26,watch,,dummy_images\WATCH\1.CARTIER\微商相册\11.20\已整理\19CARTIER TANK LOUIS CARTIER WATCH WJTA0015\附图\WJTA0015-5.jpg,cvs\new_watermark.png
dummy_images\WATCH\1.CARTIER\微商相册\11.20\原图\19CARTIER TANK LOUIS CARTIER WATCH WJTA0015\附图\WJTA0015-6.jpeg,26,watch,,dummy_images\WATCH\1.CARTIER\微商相册\11.20\已整理\19CARTIER TANK LOUIS CARTIER WATCH WJTA0015\附图\WJTA0015-6.jpg,cvs\new_watermark.png
dummy_images\WATCH\1.CARTIER\微商相册\11.20\原图\19CARTIER TANK LOUIS CARTIER WATCH WJTA0015\附图\WJTA0015-7.jpeg,26,watch,,dummy_images\WATCH\1.CARTIER\微商相册\11.20\已整理\19CARTIER TANK LOUIS CARTIER WATCH WJTA0015\附图\WJTA0015-7.jpg,cvs\new_watermark.png
dummy_images\WATCH\1.CARTIER\微商相册\11.20\原图\25CARTIER TANK SOLO WATCH W5200027\主图\W5200027.jpg,27,watch,,,cvs\new_watermark.png
dummy_images\WATCH\1.CARTIER\微商相册\11.20\原图\25CARTIER TANK SOLO WATCH W5200027\附图\W5200027-1.jpg,27,watch,,dummy_images\WATCH\1.CARTIER\微商相册\11.20\已整理\25CARTIER TANK SOLO WATCH W5200027\附图\W5200027-1.jpg,cvs\new_watermark.png
dummy_images\WATCH\1.CARTIER\微商相册\11.20\原图\25CARTIER TANK SOLO WATCH W5200027\附图\W5200027-2.jpg,27,watch,,dummy_images\WATCH\1.CARTIER\微商相册\11.20\已整理\25CARTIER TANK SOLO WATCH W5200027\附图\W5200027-2.jpg,cvs\new_watermark.png
dummy_images\WATCH\1.CARTIER\微商相册\11.20\原图\25CARTIER TANK SOLO WATCH W5200027\附图\W5200027-3.jpg,27,watch,,dummy_images\WATCH\1.CARTIER\微商相册\11.20\已整理\25CARTIER TANK SOLO WATCH W5200027\附图\W5200027-3.jpg,cvs\new_watermark.png
dummy_images\WATCH\1.CARTIER\微商相册\11.20\原图\25CARTIER TANK SOLO WATCH W5200027\附图\W5200027-4.jpg,27,watch,,dummy_images\WATCH\1.CARTIER\微商相册\11.20\已整理\25CARTIER TANK SOLO WATCH W5200027\附图\W5200027-4.jpg,cvs\new_watermark.png
dummy_images\WATCH\1.CARTIER\微商相册\11.20\原图\25CARTIER TANK SOLO WATCH W5200027\附图\W5200027-5.jpg,27,watch,,dummy_images\WATCH\1.CARTIER\微商相册\11.20\已整理\25CARTIER TANK SOLO WATCH W5200027\附图\W5200027-5.jpg,cvs\new_watermark.png
dummy_images\WATCH\1.CARTIER\微商相册\11.21\原图\1.CARTIER BALLON BLEU DE CARTIER WATCH WSBB0039\主图\WSBB0039.jpg,28,watch,,,cvs\new_watermark.png
dummy_images\WATCH\1.CARTIER\微商相册\11.21\原图\1.CARTIER BALLON BLEU DE CARTIER WATCH WSBB0039\附图\WSBB0039-1.jpeg,28,watch,,dummy_images\WATCH\1.CARTIER\微商相册\11.21\已整理\1.CARTIER BALLON BLEU DE CARTIER WATCH WSBB0039\附图\WSBB0039-1.jpeg,cvs\new_watermark.png
dummy_images\WATCH\1.CARTIER\微商相册\11.21\原图\1.CARTIER BALLON BLEU DE CARTIER WATCH WSBB0039\附图\WSBB0039-2.jpg,28,watch,,dummy_images\WATCH\1.CARTIER\微商相册\11.21\已整理\1.CARTIER BALLON BLEU DE CARTIER WATCH WSBB0039\附图\WSBB0039-2.jpg,cvs\new_watermark.png
dummy_images\WATCH\1.CARTIER\微商相册\11.21\原图\1.CARTIER BALLON BLEU DE CARTIER WATCH WSBB0039\附图\WSBB0039-3.jpeg,28,watch,,dummy_images\WATCH\1.CARTIER\微商相册\11.21\已整理\1.CARTIER BALLON BLEU DE CARTIER WATCH WSBB0039\附图\WSBB0039-3.jpeg,cvs\new_watermark.png
dummy_images\WATCH\1.CARTIER\微商相册\11.21\原图\2.CARTIER BALLON BLEU DE MEN'S SILVER BROWN CARTIER WATCH WGBB0030\主图\WGBB0030.jpg,29,watch,,,cvs\new_watermark.png
dummy_images\WATCH\1.CARTIER\微商相册\11.21\原图\2.CARTIER BALLON BLEU DE MEN'S SILVER BROWN CARTIER WATCH WGBB0030\附图\WGBB0030-1.jpg,29,watch,,dummy_images\WATCH\1.CARTIER\微商相册\11.21\已整理\2.CARTIER BALLON BLEU DE MEN'S SILVER BROWN CARTIER WATCH WGBB0030\附图\WGBB0030-1.jpg,cvs\new_watermark.png
dummy_images\WATCH\1.CARTIER\微商相册\11.21\原图\2.CARTIER BALLON BLEU DE MEN'S SILVER BROWN CARTIER WATCH WGBB0030\附图\WGBB0030-2.jpg,29,watch,,dummy_images\WATCH\1.CARTIER\微商相册\11.21\已整理\2.CARTIER BALLON BLEU DE MEN'S SILVER BROWN CARTIER WATCH WGBB0030\附图\WGBB0030-2.jpg,cvs\new_watermark.png
dummy_images\WATCH\1.CARTIER\微商相册\11.21\原图\2.CARTIER BALLON BLEU DE MEN'S SILVER BROWN CARTIER WATCH WGBB0030\附图\WGBB0030-3.jpg,29,watch,,dummy_images\WATCH\1.CARTIER\微商相册\11.21\已整理\2.CARTIER BALLON BLEU DE MEN'S SILVER BROWN CARTIER WATCH WGBB0030\附图\WGBB0030-3.jpg,cvs\new_watermark.png
dummy_images\WATCH\1.CARTIER\微商相册\11.21\原图\2.CARTIER BALLON BLEU DE MEN'S SILVER BROWN CARTIER WATCH WGBB0030\附图\WGBB0030-4.jpg,29,watch,,dummy_images\WATCH\1.CARTIER\微商相册\11.21\已整理\2.CARTIER BALLON BLEU DE MEN'S SILVER BROWN CARTIER WATCH WGBB0030\附图\WGBB0030-4.jpg,cvs\new_watermark.png
dummy_images\WATCH\1.CARTIER\微商相册\11.21\原图\2.CARTIER BALLON BLEU DE MEN'S SILVER BROWN CARTIER WATCH WGBB0030\附图\WGBB0030-5.jpg,29,watch,,dummy_images\WATCH\1.CARTIER\微商相册\11.21\已整理\2.CARTIER BALLON BLEU DE MEN'S SILVER BROWN CARTIER WATCH WGBB0030\附图\WGBB0030-5.jpg,cvs\new_watermark.png
dummy_images\WATCH\1.CARTIER\微商相册\11.21\原图\3.CARTIER BALLON BLEU DE SILVER SILVER STEEL CASSETTE MEN'S WATCH WSBB0049\主图\WSBB0049.png.jpg,30,watch,,,cvs\new_watermark.png
dummy_images\WATCH\1.CARTIER\微商相册\11.21\原图\3.CARTIER BALLON BLEU DE SILVER SILVER STEEL CASSETTE MEN'S WATCH WSBB0049\附图\WSBB0049-1.png,30,watch,,dummy_images\WATCH\1.CARTIER\微商相册\11.21\已整理\3.CARTIER BALLON BLEU DE SILVER SILVER STEEL CASSETTE MEN'S WATCH WSBB0049\附图\WSBB0049-1.jpg,cvs\new_watermark.png
dummy_images\WATCH\1.CARTIER\微商相册\11.21\原图\3.CARTIER BALLON BLEU DE SILVER SILVER STEEL CASSETTE MEN'S WATCH WSBB0049\附图\WSBB0049-2.jpeg,30,watch,,dummy_images\WATCH\1.CARTIER\微商相册\11.21\已整理\3.CARTIER BALLON BLEU DE SILVER SILVER STEEL CASSETTE MEN'S WATCH WSBB0049\附图\WSBB0049-2.jpeg,cvs\new_watermark.png
dummy_images\WATCH\1.CARTIER\微商相册\11.21\原图\3.CARTIER BALLON BLEU DE SILVER SILVER STEEL CASSETTE MEN'S WATCH WSBB0049\附图\WSBB0049-3.jpg,30,watch,,dummy_images\WATCH\1.CARTIER\微商相册\11.21\已整理\3.CARTIER BALLON BLEU DE SILVER SILVER STEEL CASSETTE MEN'S WATCH WSBB0049\附图\WSBB0049-3.jpg,cvs\new_watermark.png
dummy_images\WATCH\1.CARTIER\微商相册\11.21\原图\3.CARTIER BALLON BLEU DE SILVER SILVER STEEL CASSETTE MEN'S WATCH WSBB0049\附图\WSBB0049-4.jpg,30,watch,,dummy_images\WATCH\1.CARTIER\微商相册\11.21\已整理\3.CARTIER BALLON BLEU DE SILVER SILVER STEEL CASSETTE MEN'S WATCH WSBB0049\附图\WSBB0049-4.jpg,cvs\new_watermark.png
dummy_images\WATCH\1.CARTIER\微商相册\11.21\原图\3.CARTIER BALLON BLEU DE SILVER SILVER STEEL CASSETTE MEN'S WATCH WSBB0049\附图\WSBB0049-5.jpeg,30,watch,,dummy_images\WATCH\1.CARTIER\微商相册\11.21\已整理\3.CARTIER BALLON BLEU DE SILVER SILVER STEEL CASSETTE MEN'S WATCH WSBB0049\附图\WSBB0049-5.jpeg,cvs\new_watermark.png
dummy_images\WATCH\1.CARTIER\微商相册\11.21\原图\5.CARTIER BALLON BLEU 33 STEEL WOMEN'S WATCH AUTOMATIC WRIST W6920071\附图\W6920071-1.jpg,31,watch,,dummy_images\WATCH\1.CARTIER\微商相册\11.21\已整理\5.CARTIER BALLON BLEU 33 STEEL WOMEN'S WATCH AUTOMATIC WRIST W6920071\附图\W6920071-1 拷贝.jpg,cvs\new_watermark.png
dummy_images\WATCH\1.CARTIER\微商相册\11.21\原图\5.CARTIER BALLON BLEU 33 STEEL WOMEN'S WATCH AUTOMATIC WRIST W6920071\附图\W6920071-2.jpg,31,watch,,dummy_images\WATCH\1.CARTIER\微商相册\11.21\已整理\5.CARTIER BALLON BLEU 33 STEEL WOMEN'S WATCH AUTOMATIC WRIST W6920071\附图\W6920071-2 拷贝.jpg,cvs\new_watermark.png
dummy_images\WATCH\1.CARTIER\微商相册\11.21\原图\5.CARTIER BALLON BLEU 33 STEEL WOMEN'S WATCH AUTOMATIC WRIST W6920071\附图\W6920071-3.jpg,31,watch,,dummy_images\WATCH\1.CARTIER\微商相册\11.21\已整理\5.CARTIER BALLON BLEU 33 STEEL WOMEN'S WATCH AUTOMATIC WRIST W6920071\附图\W6920071-3 拷贝.jpg,cvs\new_watermark.png
dummy_images\WATCH\1.CARTIER\微商相册\11.21\原图\6.CARTIER BALLON BLEU DE WATCH 28 MM STEEL DIAMOND CASE DIAMOND BEZEL PINK DIAL  W6920038\主图\W6920038.jpeg.jpg,32,watch,,,cvs\new_watermark.png
dummy_images\WATCH\1.CARTIER\微商相册\11.21\原图\6.CARTIER BALLON BLEU DE WATCH 28 MM STEEL DIAMOND CASE DIAMOND BEZEL PINK DIAL  W6920038\附图\W6920038-1.jpeg,32,watch,,dummy_images\WATCH\1.CARTIER\微商相册\11.21\已整理\6.CARTIER BALLON BLEU DE WATCH 28 MM STEEL DIAMOND CASE DIAMOND BEZEL PINK DIAL  W6920038\附图\W6920038-1 拷贝.jpg,cvs\new_watermark.png
dummy_images\WATCH\1.CARTIER\微商相册\11.21\原图\6.CARTIER BALLON BLEU DE WATCH 28 MM STEEL DIAMOND CASE DIAMOND BEZEL PINK DIAL  W6920038\附图\W6920038-2.jpeg,32,watch,,dummy_images\WATCH\1.CARTIER\微商相册\11.21\已整理\6.CARTIER BALLON BLEU DE WATCH 28 MM STEEL DIAMOND CASE DIAMOND BEZEL PINK DIAL  W6920038\附图\W6920038-2 拷贝.jpg,cvs\new_watermark.png
dummy_images\WATCH\1.CARTIER\微商相册\11.21\原图\6.CARTIER BALLON BLEU DE WATCH 28 MM STEEL DIAMOND CASE DIAMOND BEZEL PINK DIAL  W6920038\附图\W6920038-3.jpeg,32,watch,,dummy_images\WATCH\1.CARTIER\微商相册\11.21\已整理\6.CARTIER BALLON BLEU DE WATCH 28 MM STEEL DIAMOND CASE DIAMOND BEZEL PINK DIAL  W6920038\附图\W6920038-3 拷贝.jpg,cvs\new_watermark.png
dummy_images\WATCH\1.CARTIER\微商相册\11.21\原图\7.CARTIER BALLON BLEU DE CARTIER 33MM QUARTZ RED DIAL IN RED LEATHER STRAP WSBB0022\主图\WSBB0022.jpg,33,watch,,,cvs\new_watermark.png
dummy_images\WATCH\1.CARTIER\微商相册\11.21\原图\7.CARTIER BALLON BLEU DE CARTIER 33MM QUARTZ RED DIAL IN RED LEATHER STRAP WSBB0022\附图\WSBB0022-1.jpg,33,watch,,dummy_images\WATCH\1.CARTIER\微商相册\11.21\已整理\7.CARTIER BALLON BLEU DE CARTIER 33MM QUARTZ RED DIAL IN RED LEATHER STRAP WSBB0022\附图\WSBB0022-1.jpg,cvs\new_watermark.png
dummy_images\WATCH\1.CARTIER\微商相册\11.21\原图\7.CARTIER BALLON BLEU DE CARTIER 33MM QUARTZ RED DIAL IN RED LEATHER STRAP WSBB0022\附图\WSBB0022-2.jpg,33,watch,,dummy_images\WATCH\1.CARTIER\微商相册\11.21\已整理\7.CARTIER BALLON BLEU DE CARTIER 33MM QUARTZ RED DIAL IN RED LEATHER STRAP WSBB0022\附图\WSBB0022-2.jpg,cvs\new_watermark.png
dummy_images\WATCH\1.CARTIER\微商相册\11.21\原图\7.CARTIER BALLON BLEU DE CARTIER 33MM QUARTZ RED DIAL IN RED LEATHER STRAP WSBB0022\附图\WSBB0022-3.jpg,33,watch,,dummy_images\WATCH\1.CARTIER\微商相册\11.21\已整理\7.CARTIER BALLON BLEU DE CARTIER 33MM QUARTZ RED DIAL IN RED LEATHER STRAP WSBB0022\附图\WSBB0022-3.jpg,cvs\new_watermark.png
dummy_images\WATCH\1.CARTIER\微商相册\11.21\原图\8.CARTIER SANTOS 39.8MM LEATHER WATCH WSSA0018\主图\WSSA0018.jpg,34,watch,,,cvs\new_watermark.png
dummy_images\WATCH\1.CARTIER\微商相册\11.21\原图\8.CARTIER SANTOS 39.8MM LEATHER WATCH WSSA0018\附图\WSSA0018-1.jpg,34,watch,,dummy_images\WATCH\1.CARTIER\微商相册\11.21\已整理\8.CARTIER SANTOS 39.8MM LEATHER WATCH WSSA0018\附图\WSSA0018-1.jpg,cvs\new_watermark.png
dummy_images\WATCH\1.CARTIER\微商相册\11.21\原图\8.CARTIER SANTOS 39.8MM LEATHER WATCH WSSA0018\附图\WSSA0018-2.jpg,34,watch,,dummy_images\WATCH\1.CARTIER\微商相册\11.21\已整理\8.CARTIER SANTOS 39.8MM LEATHER WATCH WSSA0018\附图\WSSA0018-2.jpg,cvs\new_watermark.png
dummy_images\WATCH\1.CARTIER\微商相册\11.21\原图\8.CARTIER SANTOS 39.8MM LEATHER WATCH WSSA0018\附图\WSSA0018-3.jpg,34,watch,,dummy_images\WATCH\1.CARTIER\微商相册\11.21\已整理\8.CARTIER SANTOS 39.8MM LEATHER WATCH WSSA0018\附图\WSSA0018-3.jpg,cvs\new_watermark.png
dummy_images\WATCH\1.CARTIER\微商相册\12.23\原图\7...CARTIER TANK LOUIS WATCH WJTA0038\主图\WJTA0038.jpeg,57,watch,,,cvs\new_watermark.png
dummy_images\WATCH\1.CARTIER\微商相册\12.23\原图\7...CARTIER TANK LOUIS WATCH WJTA0038\附图\WJTA0038-1.jpeg,57,watch,,dummy_images\WATCH\1.CARTIER\微商相册\12.23\已整理\7...CARTIER TANK LOUIS WATCH WJTA0038\附图\WJTA0038-1.jpeg,cvs\new_watermark.png
dummy_images\WATCH\1.CARTIER\微商相册\12.23\原图\7...CARTIER TANK LOUIS WATCH WJTA0038\附图\WJTA0038-2.jpeg,57,watch,,dummy_images\WATCH\1.CARTIER\微商相册\12.23\已整理\7...CARTIER TANK LOUIS WATCH WJTA0038\附图\WJTA0038-2.jpeg,cvs\new_watermark.png
dummy_images\WATCH\1.CARTIER\微商相册\12.23\原图\7...CARTIER TANK LOUIS WATCH WJTA0038\附图\WJTA0038-3.jpeg,57,watch,,dummy_images\WATCH\1.CARTIER\微商相册\12.23\已整理\7...CARTIER TANK LOUIS WATCH WJTA0038\附图\WJTA0038-3.jpeg,cvs\new_watermark.png
dummy_images\WATCH\1.CARTIER\微商相册\12.23\原图\7...CARTIER TANK LOUIS WATCH WJTA0038\附图\WJTA0038-4.jpeg,57,watch,,dummy_images\WATCH\1.CARTIER\微商相册\12.23\已整理\7...CARTIER TANK LOUIS WATCH WJTA0038\附图\WJTA0038-4.jpeg,cvs\new_watermark.png
dummy_images\WATCH\1.CARTIER\微商相册\12.23\原图\7...CARTIER TANK LOUIS WATCH WJTA0038\附图\WJTA0038-5.jpeg,57,watch,,dummy_images\WATCH\1.CARTIER\微商相册\12.23\已整理\7...CARTIER TANK LOUIS WATCH WJTA0038\附图\WJTA0038-5.jpeg,cvs\new_watermark.png
dummy_images\WATCH\1.CARTIER\微商相册\12.23\原图\7...CARTIER TANK LOUIS WATCH WJTA0038\附图\WJTA0038-6.jpeg,57,watch,,dummy_images\WATCH\1.CARTIER\微商相册\12.23\已整理\7...CARTIER TANK LOUIS WATCH WJTA0038\附图\WJTA0038-6.jpeg,cvs\new_watermark.png
dummy_images\WATCH\1.CARTIER\微商相册\12.23\原图\7...CARTIER TANK LOUIS WATCH WJTA0038\附图\WJTA0038-7.jpeg,57,watch,,dummy_images\WATCH\1.CARTIER\微商相册\12.23\已整理\7...CARTIER TANK LOUIS WATCH WJTA0038\附图\WJTA0038-7.jpeg,cvs\new_watermark.png
dummy_images\WATCH\1.CARTIER\微商相册\12.23\原图\8.CARTIER TANK LOUIS ROSE GOLD DIAMOND LADIES WATCH WJTA0010\主图\WJTA0010.jpg,58,watch,,,cvs\new_watermark.png
dummy_images\WATCH\1.CARTIER\微商相册\12.23\原图\8.CARTIER TANK LOUIS ROSE GOLD DIAMOND LADIES WATCH WJTA0010\附图\WJTA0010-1.jpg,58,watch,,dummy_images\WATCH\1.CARTIER\微商相册\12.23\已整理\8.CARTIER TANK LOUIS ROSE GOLD DIAMOND LADIES WATCH WJTA0010\附图\WJTA0010-1.jpg,cvs\new_watermark.png
dummy_images\WATCH\1.CARTIER\微商相册\12.23\原图\8.CARTIER TANK LOUIS ROSE GOLD DIAMOND LADIES WATCH WJTA0010\附图\WJTA0010-2.jpg,58,watch,,dummy_images\WATCH\1.CARTIER\微商相册\12.23\已整理\8.CARTIER TANK LOUIS ROSE GOLD DIAMOND LADIES WATCH WJTA0010\附图\WJTA0010-2.jpg,cvs\new_watermark.png
dummy_images\WATCH\1.CARTIER\微商相册\12.23\原图\8.CARTIER TANK LOUIS ROSE GOLD DIAMOND LADIES WATCH WJTA0010\附图\WJTA0010-3.jpg,58,watch,,dummy_images\WATCH\1.CARTIER\微商相册\12.23\已整理\8.CARTIER TANK LOUIS ROSE GOLD DIAMOND LADIES WATCH WJTA0010\附图\WJTA0010-3.jpg,cvs\new_watermark.png
dummy_images\WATCH\1.CARTIER\微商相册\12.23\原图\11.去水印CARTIER TANK MUST STEEL CASE WATCH W4TA0016\主图\W4TA0016.jpg,59,watch,,,cvs\new_watermark.png
dummy_images\WATCH\1.CARTIER\微商相册\12.23\原图\11.去水印CARTIER TANK MUST STEEL CASE WATCH W4TA0016\附图\W4TA0016-1.jpg,59,watch,,dummy_images\WATCH\1.CARTIER\微商相册\12.23\已整理\11.CARTIER TANK MUST STEEL CASE WATCH W4TA0016\附图\W4TA0016-1.jpg,cvs\new_watermark.png
dummy_images\WATCH\1.CARTIER\微商相册\12.23\原图\11.去水印CARTIER TANK MUST STEEL CASE WATCH W4TA0016\附图\W4TA0016-2.jpg,59,watch,,dummy_images\WATCH\1.CARTIER\微商相册\12.23\已整理\11.CARTIER TANK MUST STEEL CASE WATCH W4TA0016\附图\W4TA0016-2.jpg,cvs\new_watermark.png
dummy_images\WATCH\1.CARTIER\微商相册\12.23\原图\11.去水印CARTIER TANK MUST STEEL CASE WATCH W4TA0016\附图\W4TA0016-3.jpg,59,watch,,dummy_images\WATCH\1.CARTIER\微商相册\12.23\已整理\11.CARTIER TANK MUST STEEL CASE WATCH W4TA0016\附图\W4TA0016-3.jpg,cvs\new_watermark.png
dummy_images\WATCH\1.CARTIER\微商相册\12.23\原图\11.去水印CARTIER TANK MUST STEEL CASE WATCH W4TA0016\附图\W4TA0016-4.jpg,59,watch,,dummy_images\WATCH\1.CARTIER\微商相册\12.23\已整理\11.CARTIER TANK MUST STEEL CASE WATCH W4TA0016\附图\W4TA0016-4.jpg,cvs\new_watermark.png
dummy_images\WATCH\1.CARTIER\微商相册\12.23\原图\12.CARTIER TANK MUST DE LM WATCH WSTA0072\主图\WSTA0072.jpg,60,watch,,,cvs\new_watermark.png
dummy_images\WATCH\1.CARTIER\微商相册\12.23\原图\12.CARTIER TANK MUST DE LM WATCH WSTA0072\附图\WSTA0072-1.jpg,60,watch,,dummy_images\WATCH\1.CARTIER\微商相册\12.23\已整理\12.CARTIER TANK MUST DE LM WATCH WSTA0072\附图\WSTA0072-1.jpg,cvs\new_watermark.png
dummy_images\WATCH\1.CARTIER\微商相册\12.23\原图\12.CARTIER TANK MUST DE LM WATCH WSTA0072\附图\WSTA0072-2.jpg,60,watch,,dummy_images\WATCH\1.CARTIER\微商相册\12.23\已整理\12.CARTIER TANK MUST DE LM WATCH WSTA0072\附图\WSTA0072-2.jpg,cvs\new_watermark.png
dummy_images\WATCH\1.CARTIER\微商相册\12.23\原图\12.CARTIER TANK MUST DE LM WATCH WSTA0072\附图\WSTA0072-3.jpg,60,watch,,dummy_images\WATCH\1.CARTIER\微商相册\12.23\已整理\12.CARTIER TANK MUST DE LM WATCH WSTA0072\附图\WSTA0072-3.jpg,cvs\new_watermark.png
dummy_images\WATCH\1.CARTIER\微商相册\12.23\原图\12.CARTIER TANK MUST DE LM WATCH WSTA0072\附图\WSTA0072-4.jpg,60,watch,,dummy_images\WATCH\1.CARTIER\微商相册\12.23\已整理\12.CARTIER TANK MUST DE LM WATCH WSTA0072\附图\WSTA0072-4.jpg,cvs\new_watermark.png
dummy_images\WATCH\1.CARTIER\微商相册\12.23\原图\15...CARTIER TANK MUST WATCH W4TA0022\主图\W4TA0022.jpeg,61,watch,,,cvs\new_watermark.png
dummy_images\WATCH\1.CARTIER\微商相册\12.23\原图\15...CARTIER TANK MUST WATCH W4TA0022\附图\W4TA0022-1.jpeg,61,watch,,dummy_images\WATCH\1.CARTIER\微商相册\12.23\已整理\15...CARTIER TANK MUST WATCH W4TA0022\附图\W4TA0022-1.jpeg,cvs\new_watermark.png
dummy_images\WATCH\1.CARTIER\微商相册\12.23\原图\15...CARTIER TANK MUST WATCH W4TA0022\附图\W4TA0022-2.jpeg,61,watch,,dummy_images\WATCH\1.CARTIER\微商相册\12.23\已整理\15...CARTIER TANK MUST WATCH W4TA0022\附图\W4TA0022-2.jpeg,cvs\new_watermark.png
dummy_images\WATCH\1.CARTIER\微商相册\12.23\原图\15...CARTIER TANK MUST WATCH W4TA0022\附图\W4TA0022-3.jpeg,61,watch,,dummy_images\WATCH\1.CARTIER\微商相册\12.23\已整理\15...CARTIER TANK MUST WATCH W4TA0022\附图\W4TA0022-3.jpeg,cvs\new_watermark.png
dummy_images\WATCH\1.CARTIER\微商相册\12.23\原图\24...CARTIER SANTOS-DUMONT WATCH W2SA0028\主图\W2SA0028.jpeg,62,watch,,,cvs\new_watermark.png
dummy_images\WATCH\1.CARTIER\微商相册\12.23\原图\24...CARTIER SANTOS-DUMONT WATCH W2SA0028\附图\W2SA0028-1.jpeg,62,watch,,dummy_images\WATCH\1.CARTIER\微商相册\12.23\已整理\24...CARTIER SANTOS-DUMONT WATCH W2SA0028\附图\W2SA0028-1.jpeg,cvs\new_watermark.png
dummy_images\WATCH\1.CARTIER\微商相册\12.23\原图\24...CARTIER SANTOS-DUMONT WATCH W2SA0028\附图\W2SA0028-2.jpeg,62,watch,,dummy_images\WATCH\1.CARTIER\微商相册\12.23\已整理\24...CARTIER SANTOS-DUMONT WATCH W2SA0028\附图\W2SA0028-2.jpeg,cvs\new_watermark.png
dummy_images\WATCH\1.CARTIER\微商相册\12.23\原图\24...CARTIER SANTOS-DUMONT WATCH W2SA0028\附图\W2SA0028-3.jpeg,62,watch,,dummy_images\WATCH\1.CARTIER\微商相册\12.23\已整理\24...CARTIER SANTOS-DUMONT WATCH W2SA0028\附图\W2SA0028-3.jpeg,cvs\new_watermark.png
dummy_images\WATCH\1.CARTIER\微商相册\12.23\原图\24...CARTIER SANTOS-DUMONT WATCH W2SA0028\附图\W2SA0028-4.jpeg,62,watch,,dummy_images\WATCH\1.CARTIER\微商相册\12.23\已整理\24...CARTIER SANTOS-DUMONT WATCH W2SA0028\附图\W2SA0028-4.jpeg,cvs\new_watermark.png
dummy_images\WATCH\1.CARTIER\微商相册\12.23\原图\24...CARTIER SANTOS-DUMONT WATCH W2SA0028\附图\W2SA0028-5.jpeg,62,watch,,dummy_images\WATCH\1.CARTIER\微商相册\12.23\已整理\24...CARTIER SANTOS-DUMONT WATCH W2SA0028\附图\W2SA0028-5.jpeg,cvs\new_watermark.png
dummy_images\WATCH\1.CARTIER\微商相册\12.23\原图\24...CARTIER SANTOS-DUMONT WATCH W2SA0028\附图\W2SA0028-6.png,62,watch,,dummy_images\WATCH\1.CARTIER\微商相册\12.23\已整理\24...CARTIER SANTOS-DUMONT WATCH W2SA0028\附图\W2SA0028-6.png,cvs\new_watermark.png
dummy_images\WATCH\1.CARTIER\微商相册\12.23\原图\27...CARTIER SANTOS-DUMONT WATCH WSSA0032\主图\WSSA0032.jpeg,63,watch,,,cvs\new_watermark.png
dummy_images\WATCH\1.CARTIER\微商相册\12.23\原图\27...CARTIER SANTOS-DUMONT WATCH WSSA0032\附图\WSSA0032-01.png,63,watch,,dummy_images\WATCH\1.CARTIER\微商相册\12.23\已整理\27...CARTIER SANTOS-DUMONT WATCH WSSA0032\附图\WSSA0032-01.png,cvs\new_watermark.png
dummy_images\WATCH\1.CARTIER\微商相册\12.23\原图\27...CARTIER SANTOS-DUMONT WATCH WSSA0032\附图\WSSA0032-02.jpeg,63,watch,,dummy_images\WATCH\1.CARTIER\微商相册\12.23\已整理\27...CARTIER SANTOS-DUMONT WATCH WSSA0032\附图\WSSA0032-02.jpeg,cvs\new_watermark.png
dummy_images\WATCH\1.CARTIER\微商相册\12.23\原图\27...CARTIER SANTOS-DUMONT WATCH WSSA0032\附图\WSSA0032-03.jpeg,63,watch,,dummy_images\WATCH\1.CARTIER\微商相册\12.23\已整理\27...CARTIER SANTOS-DUMONT WATCH WSSA0032\附图\WSSA0032-03.jpeg,cvs\new_watermark.png
dummy_images\WATCH\1.CARTIER\微商相册\12.23\原图\27...CARTIER SANTOS-DUMONT WATCH WSSA0032\附图\WSSA0032-04.jpeg,63,watch,,dummy_images\WATCH\1.CARTIER\微商相册\12.23\已整理\27...CARTIER SANTOS-DUMONT WATCH WSSA0032\附图\WSSA0032-04.jpeg,cvs\new_watermark.png
dummy_images\WATCH\1.CARTIER\微商相册\12.23\原图\27...CARTIER SANTOS-DUMONT WATCH WSSA0032\附图\WSSA0032-05.jpeg,63,watch,,dummy_images\WATCH\1.CARTIER\微商相册\12.23\已整理\27...CARTIER SANTOS-DUMONT WATCH WSSA0032\附图\WSSA0032-05.jpeg,cvs\new_watermark.png
dummy_images\WATCH\1.CARTIER\微商相册\12.23\原图\28...CARTIER SANTOS-DUMONT WATCH W2SA0017\主图\W2SA0017.jpeg,64,watch,,,cvs\new_watermark.png
dummy_images\WATCH\1.CARTIER\微商相册\12.23\原图\28...CARTIER SANTOS-DUMONT WATCH W2SA0017\附图\W2SA0017-1.jpeg,64,watch,,dummy_images\WATCH\1.CARTIER\微商相册\12.23\已整理\28...CARTIER SANTOS-DUMONT WATCH W2SA0017\附图\W2SA0017-1.jpeg,cvs\new_watermark.png
dummy_images\WATCH\1.CARTIER\微商相册\12.23\原图\28...CARTIER SANTOS-DUMONT WATCH W2SA0017\附图\W2SA0017-2.jpeg,64,watch,,dummy_images\WATCH\1.CARTIER\微商相册\12.23\已整理\28...CARTIER SANTOS-DUMONT WATCH W2SA0017\附图\W2SA0017-2.jpeg,cvs\new_watermark.png
dummy_images\WATCH\1.CARTIER\微商相册\12.23\原图\28...CARTIER SANTOS-DUMONT WATCH W2SA0017\附图\W2SA0017-3.jpeg,64,watch,,dummy_images\WATCH\1.CARTIER\微商相册\12.23\已整理\28...CARTIER SANTOS-DUMONT WATCH W2SA0017\附图\W2SA0017-3.jpeg,cvs\new_watermark.png
dummy_images\WATCH\1.CARTIER\微商相册\12.23\原图\28...CARTIER SANTOS-DUMONT WATCH W2SA0017\附图\W2SA0017-4.jpeg,64,watch,,dummy_images\WATCH\1.CARTIER\微商相册\12.23\已整理\28...CARTIER SANTOS-DUMONT WATCH W2SA0017\附图\W2SA0017-4.jpeg,cvs\new_watermark.png
dummy_images\WATCH\1.CARTIER\微商相册\12.23\原图\28...CARTIER SANTOS-DUMONT WATCH W2SA0017\附图\W2SA0017-5.jpeg,64,watch,,dummy_images\WATCH\1.CARTIER\微商相册\12.23\已整理\28...CARTIER SANTOS-DUMONT WATCH W2SA0017\附图\W2SA0017-5.jpeg,cvs\new_watermark.png
dummy_images\WATCH\1.CARTIER\微商相册\12.23\原图\31...CARTIER TANK FRAN?AISE WATCH W4TA0021\主图\W4TA0021.jpeg,65,watch,,,cvs\new_watermark.png
dummy_images\WATCH\1.CARTIER\微商相册\12.23\原图\31...CARTIER TANK FRAN?AISE WATCH W4TA0021\附图\W4TA0021-1.jpeg,65,watch,,dummy_images\WATCH\1.CARTIER\微商相册\12.23\已整理\31...CARTIER TANK FRAN?AISE WATCH W4TA0021\附图\W4TA0021-1.jpeg,cvs\new_watermark.png
dummy_images\WATCH\1.CARTIER\微商相册\12.23\原图\31...CARTIER TANK FRAN?AISE WATCH W4TA0021\附图\W4TA0021-2.jpeg,65,watch,,dummy_images\WATCH\1.CARTIER\微商相册\12.23\已整理\31...CARTIER TANK FRAN?AISE WATCH W4TA0021\附图\W4TA0021-2.jpeg,cvs\new_watermark.png
dummy_images\WATCH\1.CARTIER\微商相册\12.23\原图\31...CARTIER TANK FRAN?AISE WATCH W4TA0021\附图\W4TA0021-3.jpeg,65,watch,,dummy_images\WATCH\1.CARTIER\微商相册\12.23\已整理\31...CARTIER TANK FRAN?AISE WATCH W4TA0021\附图\W4TA0021-3.jpeg,cvs\new_watermark.png
dummy_images\WATCH\1.CARTIER\微商相册\12.23\原图\31...CARTIER TANK FRAN?AISE WATCH W4TA0021\附图\W4TA0021-4.jpeg,65,watch,,dummy_images\WATCH\1.CARTIER\微商相册\12.23\已整理\31...CARTIER TANK FRAN?AISE WATCH W4TA0021\附图\W4TA0021-4.jpeg,cvs\new_watermark.png
dummy_images\WATCH\1.CARTIER\微商相册\12.23\原图\31...CARTIER TANK FRAN?AISE WATCH W4TA0021\附图\W4TA0021-5.jpeg,65,watch,,dummy_images\WATCH\1.CARTIER\微商相册\12.23\已整理\31...CARTIER TANK FRAN?AISE WATCH W4TA0021\附图\W4TA0021-5.jpeg,cvs\new_watermark.png
dummy_images\WATCH\1.CARTIER\微商相册\12.23\原图\31...CARTIER TANK FRAN?AISE WATCH W4TA0021\附图\W4TA0021-6.jpeg,65,watch,,dummy_images\WATCH\1.CARTIER\微商相册\12.23\已整理\31...CARTIER TANK FRAN?AISE WATCH W4TA0021\附图\W4TA0021-6.jpeg,cvs\new_watermark.png
dummy_images\WATCH\1.CARTIER\微商相册\12.23\原图\31...CARTIER TANK FRAN?AISE WATCH W4TA0021\附图\W4TA0021-7.jpeg,65,watch,,dummy_images\WATCH\1.CARTIER\微商相册\12.23\已整理\31...CARTIER TANK FRAN?AISE WATCH W4TA0021\附图\W4TA0021-7.jpeg,cvs\new_watermark.png
dummy_images\WATCH\1.CARTIER\微商相册\12.23\原图\31...CARTIER TANK FRAN?AISE WATCH W4TA0021\附图\W4TA0021-8.jpeg,65,watch,,dummy_images\WATCH\1.CARTIER\微商相册\12.23\已整理\31...CARTIER TANK FRAN?AISE WATCH W4TA0021\附图\W4TA0021-8.jpeg,cvs\new_watermark.png
dummy_images\WATCH\1.CARTIER\微商相册\12.23\原图\32...CARTIER TANK FRAN?AISE WATCH WSTA0074\主图\WSTA0074.jpeg,66,watch,,,cvs\new_watermark.png
dummy_images\WATCH\1.CARTIER\微商相册\12.23\原图\32...CARTIER TANK FRAN?AISE WATCH WSTA0074\附图\WSTA0074-1.jpeg,66,watch,,dummy_images\WATCH\1.CARTIER\微商相册\12.23\已整理\32...CARTIER TANK FRAN?AISE WATCH WSTA0074\附图\WSTA0074-1.jpeg,cvs\new_watermark.png
dummy_images\WATCH\1.CARTIER\微商相册\12.23\原图\32...CARTIER TANK FRAN?AISE WATCH WSTA0074\附图\WSTA0074-2.jpeg,66,watch,,dummy_images\WATCH\1.CARTIER\微商相册\12.23\已整理\32...CARTIER TANK FRAN?AISE WATCH WSTA0074\附图\WSTA0074-2.jpeg,cvs\new_watermark.png
dummy_images\WATCH\1.CARTIER\微商相册\12.23\原图\32...CARTIER TANK FRAN?AISE WATCH WSTA0074\附图\WSTA0074-3.jpeg,66,watch,,dummy_images\WATCH\1.CARTIER\微商相册\12.23\已整理\32...CARTIER TANK FRAN?AISE WATCH WSTA0074\附图\WSTA0074-3.jpeg,cvs\new_watermark.png
dummy_images\WATCH\1.CARTIER\微商相册\12.23\原图\32...CARTIER TANK FRAN?AISE WATCH WSTA0074\附图\WSTA0074-4.jpeg,66,watch,,dummy_images\WATCH\1.CARTIER\微商相册\12.23\已整理\32...CARTIER TANK FRAN?AISE WATCH WSTA0074\附图\WSTA0074-4.jpeg,cvs\new_watermark.png
dummy_images\WATCH\1.CARTIER\微商相册\12.23\原图\32...CARTIER TANK FRAN?AISE WATCH WSTA0074\附图\WSTA0074-5.jpeg,66,watch,,dummy_images\WATCH\1.CARTIER\微商相册\12.23\已整理\32...CARTIER TANK FRAN?AISE WATCH WSTA0074\附图\WSTA0074-5.jpeg,cvs\new_watermark.png
dummy_images\WATCH\1.CARTIER\微商相册\12.23\原图\32...CARTIER TANK FRAN?AISE WATCH WSTA0074\附图\WSTA0074-6.jpeg,66,watch,,dummy_images\WATCH\1.CARTIER\微商相册\12.23\已整理\32...CARTIER TANK FRAN?AISE WATCH WSTA0074\附图\WSTA0074-6.jpeg,cvs\new_watermark.png
dummy_images\WATCH\1.CARTIER\微商相册\12.23\原图\32...CARTIER TANK FRAN?AISE WATCH WSTA0074\附图\WSTA0074-7.jpeg,66,watch,,dummy_images\WATCH\1.CARTIER\微商相册\12.23\已整理\32...CARTIER TANK FRAN?AISE WATCH WSTA0074\附图\WSTA0074-7.jpeg,cvs\new_watermark.png
dummy_images\WATCH\1.CARTIER\微商相册\12.23\原图\33...CARTIER TANK FRAN?AISE WATCH W4TA0020\主图\W4TA0020.jpeg,67,watch,,,cvs\new_watermark.png
dummy_images\WATCH\1.CARTIER\微商相册\12.23\原图\33...CARTIER TANK FRAN?AISE WATCH W4TA0020\附图\W4TA0020-1.jpeg,67,watch,,dummy_images\WATCH\1.CARTIER\微商相册\12.23\已整理\33...CARTIER TANK FRAN?AISE WATCH W4TA0020\附图\W4TA0020-1.jpeg,cvs\new_watermark.png
dummy_images\WATCH\1.CARTIER\微商相册\12.23\原图\33...CARTIER TANK FRAN?AISE WATCH W4TA0020\附图\W4TA0020-2.jpeg,67,watch,,dummy_images\WATCH\1.CARTIER\微商相册\12.23\已整理\33...CARTIER TANK FRAN?AISE WATCH W4TA0020\附图\W4TA0020-2.jpeg,cvs\new_watermark.png
dummy_images\WATCH\1.CARTIER\微商相册\12.23\原图\33...CARTIER TANK FRAN?AISE WATCH W4TA0020\附图\W4TA0020-3.jpeg,67,watch,,dummy_images\WATCH\1.CARTIER\微商相册\12.23\已整理\33...CARTIER TANK FRAN?AISE WATCH W4TA0020\附图\W4TA0020-3.jpeg,cvs\new_watermark.png
dummy_images\WATCH\1.CARTIER\微商相册\12.23\原图\33...CARTIER TANK FRAN?AISE WATCH W4TA0020\附图\W4TA0020-4.jpeg,67,watch,,dummy_images\WATCH\1.CARTIER\微商相册\12.23\已整理\33...CARTIER TANK FRAN?AISE WATCH W4TA0020\附图\W4TA0020-4.jpeg,cvs\new_watermark.png
dummy_images\WATCH\1.CARTIER\微商相册\12.23\原图\33...CARTIER TANK FRAN?AISE WATCH W4TA0020\附图\W4TA0020-5.jpeg,67,watch,,dummy_images\WATCH\1.CARTIER\微商相册\12.23\已整理\33...CARTIER TANK FRAN?AISE WATCH W4TA0020\附图\W4TA0020-5.jpeg,cvs\new_watermark.png
dummy_images\WATCH\1.CARTIER\微商相册\12.23\原图\33...CARTIER TANK FRAN?AISE WATCH W4TA0020\附图\W4TA0020-6.jpeg,67,watch,,dummy_images\WATCH\1.CARTIER\微商相册\12.23\已整理\33...CARTIER TANK FRAN?AISE WATCH W4TA0020\附图\W4TA0020-6.jpeg,cvs\new_watermark.png
dummy_images\WATCH\1.CARTIER\微商相册\12.24\原图\1.CARTIER TANK SOLO WATCH W5200028\主图\W5200028.jpg,73,watch,,,cvs\new_watermark.png
dummy_images\WATCH\1.CARTIER\微商相册\12.24\原图\1.CARTIER TANK SOLO WATCH W5200028\附图\W5200028-1.jpg,73,watch,,dummy_images\WATCH\1.CARTIER\微商相册\12.24\已整理\1.CARTIER TANK SOLO WATCH W5200028\附图\W5200028-1.jpg,cvs\new_watermark.png
dummy_images\WATCH\1.CARTIER\微商相册\12.24\原图\1.CARTIER TANK SOLO WATCH W5200028\附图\W5200028-2.jpg,73,watch,,dummy_images\WATCH\1.CARTIER\微商相册\12.24\已整理\1.CARTIER TANK SOLO WATCH W5200028\附图\W5200028-2.jpg,cvs\new_watermark.png
dummy_images\WATCH\1.CARTIER\微商相册\12.24\原图\1.CARTIER TANK SOLO WATCH W5200028\附图\W5200028-3.jpg,73,watch,,dummy_images\WATCH\1.CARTIER\微商相册\12.24\已整理\1.CARTIER TANK SOLO WATCH W5200028\附图\W5200028-3.jpg,cvs\new_watermark.png
dummy_images\WATCH\1.CARTIER\微商相册\12.24\原图\1.CARTIER TANK SOLO WATCH W5200028\附图\W5200028-4.jpg,73,watch,,dummy_images\WATCH\1.CARTIER\微商相册\12.24\已整理\1.CARTIER TANK SOLO WATCH W5200028\附图\W5200028-4.jpg,cvs\new_watermark.png
dummy_images\WATCH\1.CARTIER\微商相册\12.24\原图\3...CARTIER TANK MUST DE WATCH WSTA0041\主图\WSTA0041.jpeg,74,watch,,,cvs\new_watermark.png
dummy_images\WATCH\1.CARTIER\微商相册\12.24\原图\3...CARTIER TANK MUST DE WATCH WSTA0041\附图\WSTA0041-1.jpeg,74,watch,,dummy_images\WATCH\1.CARTIER\微商相册\12.24\已整理\3...CARTIER TANK MUST DE WATCH WSTA0041\附图\WSTA0041-1.jpg,cvs\new_watermark.png
dummy_images\WATCH\1.CARTIER\微商相册\12.24\原图\3...CARTIER TANK MUST DE WATCH WSTA0041\附图\WSTA0041-2.png,74,watch,,dummy_images\WATCH\1.CARTIER\微商相册\12.24\已整理\3...CARTIER TANK MUST DE WATCH WSTA0041\附图\WSTA0041-2.jpg,cvs\new_watermark.png
dummy_images\WATCH\1.CARTIER\微商相册\12.24\原图\3...CARTIER TANK MUST DE WATCH WSTA0041\附图\WSTA0041-3.jpeg,74,watch,,dummy_images\WATCH\1.CARTIER\微商相册\12.24\已整理\3...CARTIER TANK MUST DE WATCH WSTA0041\附图\WSTA0041-3.jpg,cvs\new_watermark.png
dummy_images\WATCH\1.CARTIER\微商相册\12.24\原图\3...CARTIER TANK MUST DE WATCH WSTA0041\附图\WSTA0041-4.jpeg,74,watch,,dummy_images\WATCH\1.CARTIER\微商相册\12.24\已整理\3...CARTIER TANK MUST DE WATCH WSTA0041\附图\WSTA0041-4.jpg,cvs\new_watermark.png
dummy_images\WATCH\1.CARTIER\微商相册\12.24\原图\3...CARTIER TANK MUST DE WATCH WSTA0041\附图\WSTA0041-5.jpeg,74,watch,,dummy_images\WATCH\1.CARTIER\微商相册\12.24\已整理\3...CARTIER TANK MUST DE WATCH WSTA0041\附图\WSTA0041-5.jpg,cvs\new_watermark.png
dummy_images\WATCH\1.CARTIER\微商相册\12.24\原图\4...CARTIER TANK MUST SOLARBEAT? WATCH WSTA0092\主图\WSTA0092.jpeg,75,watch,,,cvs\new_watermark.png
dummy_images\WATCH\1.CARTIER\微商相册\12.24\原图\4...CARTIER TANK MUST SOLARBEAT? WATCH WSTA0092\附图\WSTA0092-1.jpeg,75,watch,,dummy_images\WATCH\1.CARTIER\微商相册\12.24\已整理\4...CARTIER TANK MUST SOLARBEAT? WATCH WSTA0092\附图\WSTA0092-1.jpg,cvs\new_watermark.png
dummy_images\WATCH\1.CARTIER\微商相册\12.24\原图\4...CARTIER TANK MUST SOLARBEAT? WATCH WSTA0092\附图\WSTA0092-2.jpeg,75,watch,,dummy_images\WATCH\1.CARTIER\微商相册\12.24\已整理\4...CARTIER TANK MUST SOLARBEAT? WATCH WSTA0092\附图\WSTA0092-2.jpg,cvs\new_watermark.png
dummy_images\WATCH\1.CARTIER\微商相册\12.24\原图\4...CARTIER TANK MUST SOLARBEAT? WATCH WSTA0092\附图\WSTA0092-3.jpeg,75,watch,,dummy_images\WATCH\1.CARTIER\微商相册\12.24\已整理\4...CARTIER TANK MUST SOLARBEAT? WATCH WSTA0092\附图\WSTA0092-3.jpg,cvs\new_watermark.png
dummy_images\WATCH\1.CARTIER\微商相册\12.24\原图\4...CARTIER TANK MUST SOLARBEAT? WATCH WSTA0092\附图\WSTA0092-4.jpeg,75,watch,,dummy_images\WATCH\1.CARTIER\微商相册\12.24\已整理\4...CARTIER TANK MUST SOLARBEAT? WATCH WSTA0092\附图\WSTA0092-4.jpg,cvs\new_watermark.png
dummy_images\WATCH\1.CARTIER\微商相册\12.24\原图\8...改细节CARTIER SANTOS DE SKELETON WATCH WHSA0019\主图\WHSA0019.jpeg,76,watch,,,cvs\new_watermark.png
dummy_images\WATCH\1.CARTIER\微商相册\12.24\原图\8...改细节CARTIER SANTOS DE SKELETON WATCH WHSA0019\附图\WHSA0019-1.jpeg,76,watch,,,cvs\new_watermark.png
dummy_images\WATCH\1.CARTIER\微商相册\12.24\原图\8...改细节CARTIER SANTOS DE SKELETON WATCH WHSA0019\附图\WHSA0019-2.jpeg,76,watch,,,cvs\new_watermark.png
dummy_images\WATCH\1.CARTIER\微商相册\12.24\原图\8...改细节CARTIER SANTOS DE SKELETON WATCH WHSA0019\附图\WHSA0019-3.jpeg,76,watch,,,cvs\new_watermark.png
dummy_images\WATCH\1.CARTIER\微商相册\12.24\原图\9...CARTIER SANTOS DE SKELETON WATCH WHSA0015\主图\WHSA0015.jpeg,77,watch,,,cvs\new_watermark.png
dummy_images\WATCH\1.CARTIER\微商相册\12.24\原图\9...CARTIER SANTOS DE SKELETON WATCH WHSA0015\附图\WHSA0015-1.jpeg,77,watch,,dummy_images\WATCH\1.CARTIER\微商相册\12.24\已整理\9...CARTIER SANTOS DE SKELETON WATCH WHSA0015\附图\WHSA0015-1.jpg,cvs\new_watermark.png
dummy_images\WATCH\1.CARTIER\微商相册\12.24\原图\9...CARTIER SANTOS DE SKELETON WATCH WHSA0015\附图\WHSA0015-2.png,77,watch,,dummy_images\WATCH\1.CARTIER\微商相册\12.24\已整理\9...CARTIER SANTOS DE SKELETON WATCH WHSA0015\附图\WHSA0015-2.jpg,cvs\new_watermark.png
dummy_images\WATCH\1.CARTIER\微商相册\12.24\原图\9...CARTIER SANTOS DE SKELETON WATCH WHSA0015\附图\WHSA0015-3.jpeg,77,watch,,dummy_images\WATCH\1.CARTIER\微商相册\12.24\已整理\9...CARTIER SANTOS DE SKELETON WATCH WHSA0015\附图\WHSA0015-3.jpg,cvs\new_watermark.png
dummy_images\WATCH\1.CARTIER\微商相册\12.24\原图\9...CARTIER SANTOS DE SKELETON WATCH WHSA0015\附图\WHSA0015-4.jpeg,77,watch,,dummy_images\WATCH\1.CARTIER\微商相册\12.24\已整理\9...CARTIER SANTOS DE SKELETON WATCH WHSA0015\附图\WHSA0015-4.jpg,cvs\new_watermark.png
dummy_images\WATCH\1.CARTIER\微商相册\12.24\原图\9...CARTIER SANTOS DE SKELETON WATCH WHSA0015\附图\WHSA0015-5.jpeg,77,watch,,dummy_images\WATCH\1.CARTIER\微商相册\12.24\已整理\9...CARTIER SANTOS DE SKELETON WATCH WHSA0015\附图\WHSA0015-5.jpg,cvs\new_watermark.png
dummy_images\WATCH\1.CARTIER\微商相册\12.24\原图\11...CARTIER SANTOS-DUMONT SKELETON WATCH WITH MICRO-ROTOR WHSA0030\主图\WHSA0030.jpeg,78,watch,,,cvs\new_watermark.png
dummy_images\WATCH\1.CARTIER\微商相册\12.24\原图\11...CARTIER SANTOS-DUMONT SKELETON WATCH WITH MICRO-ROTOR WHSA0030\附图\WHSA0030-1.jpeg,78,watch,,dummy_images\WATCH\1.CARTIER\微商相册\12.24\已整理\11...CARTIER SANTOS-DUMONT SKELETON WATCH WITH MICRO-ROTOR WHSA0030\附图\WHSA0030-1.jpg,cvs\new_watermark.png
dummy_images\WATCH\1.CARTIER\微商相册\12.24\原图\11...CARTIER SANTOS-DUMONT SKELETON WATCH WITH MICRO-ROTOR WHSA0030\附图\WHSA0030-2.jpeg,78,watch,,dummy_images\WATCH\1.CARTIER\微商相册\12.24\已整理\11...CARTIER SANTOS-DUMONT SKELETON WATCH WITH MICRO-ROTOR WHSA0030\附图\WHSA0030-2.jpg,cvs\new_watermark.png
dummy_images\WATCH\1.CARTIER\微商相册\12.24\原图\11...CARTIER SANTOS-DUMONT SKELETON WATCH WITH MICRO-ROTOR WHSA0030\附图\WHSA0030-3.jpeg,78,watch,,dummy_images\WATCH\1.CARTIER\微商相册\12.24\已整理\11...CARTIER SANTOS-DUMONT SKELETON WATCH WITH MICRO-ROTOR WHSA0030\附图\WHSA0030-3.jpg,cvs\new_watermark.png
dummy_images\WATCH\1.CARTIER\微商相册\12.24\原图\11...CARTIER SANTOS-DUMONT SKELETON WATCH WITH MICRO-ROTOR WHSA0030\附图\WHSA0030-4.jpeg,78,watch,,dummy_images\WATCH\1.CARTIER\微商相册\12.24\已整理\11...CARTIER SANTOS-DUMONT SKELETON WATCH WITH MICRO-ROTOR WHSA0030\附图\WHSA0030-4.jpg,cvs\new_watermark.png
dummy_images\WATCH\1.CARTIER\微商相册\12.24\原图\13...CARTIER SANTOS-DUMONT SKELETON WATCH WITH MICRO-ROTOR WHSA0032\主图\WHSA0032.jpeg,79,watch,,,cvs\new_watermark.png
dummy_images\WATCH\1.CARTIER\微商相册\12.24\原图\13...CARTIER SANTOS-DUMONT SKELETON WATCH WITH MICRO-ROTOR WHSA0032\附图\WHSA0032-1.jpeg,79,watch,,dummy_images\WATCH\1.CARTIER\微商相册\12.24\已整理\13...CARTIER SANTOS-DUMONT SKELETON WATCH WITH MICRO-ROTOR WHSA0032\附图\WHSA0032-1.jpg,cvs\new_watermark.png
dummy_images\WATCH\1.CARTIER\微商相册\12.24\原图\13...CARTIER SANTOS-DUMONT SKELETON WATCH WITH MICRO-ROTOR WHSA0032\附图\WHSA0032-2.jpeg,79,watch,,dummy_images\WATCH\1.CARTIER\微商相册\12.24\已整理\13...CARTIER SANTOS-DUMONT SKELETON WATCH WITH MICRO-ROTOR WHSA0032\附图\WHSA0032-2.jpg,cvs\new_watermark.png
dummy_images\WATCH\1.CARTIER\微商相册\12.24\原图\13...CARTIER SANTOS-DUMONT SKELETON WATCH WITH MICRO-ROTOR WHSA0032\附图\WHSA0032-3.jpeg,79,watch,,dummy_images\WATCH\1.CARTIER\微商相册\12.24\已整理\13...CARTIER SANTOS-DUMONT SKELETON WATCH WITH MICRO-ROTOR WHSA0032\附图\WHSA0032-3.jpg,cvs\new_watermark.png
dummy_images\WATCH\1.CARTIER\微商相册\12.24\原图\13...CARTIER SANTOS-DUMONT SKELETON WATCH WITH MICRO-ROTOR WHSA0032\附图\WHSA0032-4.jpeg,79,watch,,dummy_images\WATCH\1.CARTIER\微商相册\12.24\已整理\13...CARTIER SANTOS-DUMONT SKELETON WATCH WITH MICRO-ROTOR WHSA0032\附图\WHSA0032-4.jpg,cvs\new_watermark.png
dummy_images\WATCH\1.CARTIER\微商相册\12.24\原图\14...CARTIER SANTOS DE WATCH WGSA0018\主图\WGSA0018.jpeg,80,watch,,,cvs\new_watermark.png
dummy_images\WATCH\1.CARTIER\微商相册\12.24\原图\14...CARTIER SANTOS DE WATCH WGSA0018\附图\WGSA0018-1.jpeg,80,watch,,dummy_images\WATCH\1.CARTIER\微商相册\12.24\已整理\14...CARTIER SANTOS DE WATCH WGSA0018\附图\WGSA0018-1.jpg,cvs\new_watermark.png
dummy_images\WATCH\1.CARTIER\微商相册\12.24\原图\14...CARTIER SANTOS DE WATCH WGSA0018\附图\WGSA0018-2.jpeg,80,watch,,dummy_images\WATCH\1.CARTIER\微商相册\12.24\已整理\14...CARTIER SANTOS DE WATCH WGSA0018\附图\WGSA0018-2.jpg,cvs\new_watermark.png
dummy_images\WATCH\1.CARTIER\微商相册\12.24\原图\14...CARTIER SANTOS DE WATCH WGSA0018\附图\WGSA0018-3.jpeg,80,watch,,dummy_images\WATCH\1.CARTIER\微商相册\12.24\已整理\14...CARTIER SANTOS DE WATCH WGSA0018\附图\WGSA0018-3.jpg,cvs\new_watermark.png
dummy_images\WATCH\1.CARTIER\微商相册\12.24\原图\15...CARTIER SANTOS DE WATCH W2SA0009\主图\W2SA0009.jpeg,81,watch,,,cvs\new_watermark.png
dummy_images\WATCH\1.CARTIER\微商相册\12.24\原图\15...CARTIER SANTOS DE WATCH W2SA0009\附图\W2SA0009-1.png,81,watch,,dummy_images\WATCH\1.CARTIER\微商相册\12.24\已整理\15...CARTIER SANTOS DE WATCH W2SA0009\附图\W2SA0009-1.jpg,cvs\new_watermark.png
dummy_images\WATCH\1.CARTIER\微商相册\12.24\原图\15...CARTIER SANTOS DE WATCH W2SA0009\附图\W2SA0009-2.jpeg,81,watch,,dummy_images\WATCH\1.CARTIER\微商相册\12.24\已整理\15...CARTIER SANTOS DE WATCH W2SA0009\附图\W2SA0009-2.jpg,cvs\new_watermark.png
dummy_images\WATCH\1.CARTIER\微商相册\12.24\原图\15...CARTIER SANTOS DE WATCH W2SA0009\附图\W2SA0009-3.jpeg,81,watch,,dummy_images\WATCH\1.CARTIER\微商相册\12.24\已整理\15...CARTIER SANTOS DE WATCH W2SA0009\附图\W2SA0009-3.jpg,cvs\new_watermark.png
dummy_images\WATCH\1.CARTIER\微商相册\12.24\原图\15...CARTIER SANTOS DE WATCH W2SA0009\附图\W2SA0009-4.jpeg,81,watch,,dummy_images\WATCH\1.CARTIER\微商相册\12.24\已整理\15...CARTIER SANTOS DE WATCH W2SA0009\附图\W2SA0009-4.jpg,cvs\new_watermark.png
dummy_images\WATCH\1.CARTIER\微商相册\12.24\原图\15...CARTIER SANTOS DE WATCH W2SA0009\附图\W2SA0009-5.jpeg,81,watch,,dummy_images\WATCH\1.CARTIER\微商相册\12.24\已整理\15...CARTIER SANTOS DE WATCH W2SA0009\附图\W2SA0009-5.jpg,cvs\new_watermark.png
dummy_images\WATCH\1.CARTIER\微商相册\12.24\原图\25...CARTIER SANTOS DE WATCH WSSA0030\主图\WSSA0030.jpeg,82,watch,,,cvs\new_watermark.png
dummy_images\WATCH\1.CARTIER\微商相册\12.24\原图\25...CARTIER SANTOS DE WATCH WSSA0030\附图\WSSA0030-1.jpeg,82,watch,,dummy_images\WATCH\1.CARTIER\微商相册\12.24\已整理\25...CARTIER SANTOS DE WATCH WSSA0030\附图\WSSA0030-1.jpg,cvs\new_watermark.png
dummy_images\WATCH\1.CARTIER\微商相册\12.24\原图\25...CARTIER SANTOS DE WATCH WSSA0030\附图\WSSA0030-2.jpeg,82,watch,,dummy_images\WATCH\1.CARTIER\微商相册\12.24\已整理\25...CARTIER SANTOS DE WATCH WSSA0030\附图\WSSA0030-2.jpg,cvs\new_watermark.png
dummy_images\WATCH\1.CARTIER\微商相册\12.24\原图\25...CARTIER SANTOS DE WATCH WSSA0030\附图\WSSA0030-3.jpeg,82,watch,,dummy_images\WATCH\1.CARTIER\微商相册\12.24\已整理\25...CARTIER SANTOS DE WATCH WSSA0030\附图\WSSA0030-3.jpg,cvs\new_watermark.png
dummy_images\WATCH\1.CARTIER\微商相册\12.24\原图\25...CARTIER SANTOS DE WATCH WSSA0030\附图\WSSA0030-4.jpeg,82,watch,,dummy_images\WATCH\1.CARTIER\微商相册\12.24\已整理\25...CARTIER SANTOS DE WATCH WSSA0030\附图\WSSA0030-4.jpg,cvs\new_watermark.png
dummy_images\WATCH\1.CARTIER\微商相册\12.24\原图\27...CARTIER SANTOS DE WATCH WSSA0029\主图\WSSA0029.jpeg,83,watch,,,cvs\new_watermark.png
dummy_images\WATCH\1.CARTIER\微商相册\12.24\原图\27...CARTIER SANTOS DE WATCH WSSA0029\附图\WSSA0029-1.jpeg,83,watch,,dummy_images\WATCH\1.CARTIER\微商相册\12.24\已整理\27...CARTIER SANTOS DE WATCH WSSA0029\附图\WSSA0029-1.jpg,cvs\new_watermark.png
dummy_images\WATCH\1.CARTIER\微商相册\12.24\原图\27...CARTIER SANTOS DE WATCH WSSA0029\附图\WSSA0029-2.jpeg,83,watch,,dummy_images\WATCH\1.CARTIER\微商相册\12.24\已整理\27...CARTIER SANTOS DE WATCH WSSA0029\附图\WSSA0029-2.jpg,cvs\new_watermark.png
dummy_images\WATCH\1.CARTIER\微商相册\12.24\原图\27...CARTIER SANTOS DE WATCH WSSA0029\附图\WSSA0029-3.jpeg,83,watch,,dummy_images\WATCH\1.CARTIER\微商相册\12.24\已整理\27...CARTIER SANTOS DE WATCH WSSA0029\附图\WSSA0029-3.jpg,cvs\new_watermark.png
dummy_images\WATCH\1.CARTIER\微商相册\12.24\原图\27...CARTIER SANTOS DE WATCH WSSA0029\附图\WSSA0029-4.jpeg,83,watch,,dummy_images\WATCH\1.CARTIER\微商相册\12.24\已整理\27...CARTIER SANTOS DE WATCH WSSA0029\附图\WSSA0029-4.jpg,cvs\new_watermark.png
dummy_images\WATCH\1.CARTIER\微商相册\12.24\原图\27...CARTIER SANTOS DE WATCH WSSA0029\附图\WSSA0029-5.jpeg,83,watch,,dummy_images\WATCH\1.CARTIER\微商相册\12.24\已整理\27...CARTIER SANTOS DE WATCH WSSA0029\附图\WSSA0029-5.jpg,cvs\new_watermark.png
dummy_images\WATCH\1.CARTIER\微商相册\12.24\原图\27...CARTIER SANTOS DE WATCH WSSA0029\附图\WSSA0029-6.jpeg,83,watch,,dummy_images\WATCH\1.CARTIER\微商相册\12.24\已整理\27...CARTIER SANTOS DE WATCH WSSA0029\附图\WSSA0029-6.jpg,cvs\new_watermark.png
dummy_images\WATCH\1.CARTIER\微商相册\12.24\原图\29.CARTIER SANTOS ROSE GOLD MIDSIZE WATCH WGSA0008\主图\WGSA0008.jpg,84,watch,,,cvs\new_watermark.png
dummy_images\WATCH\1.CARTIER\微商相册\12.24\原图\29.CARTIER SANTOS ROSE GOLD MIDSIZE WATCH WGSA0008\附图\WGSA0008-1.jpg,84,watch,,dummy_images\WATCH\1.CARTIER\微商相册\12.24\已整理\29.CARTIER SANTOS ROSE GOLD MIDSIZE WATCH WGSA0008\附图\WGSA0008-1.jpg,cvs\new_watermark.png
dummy_images\WATCH\1.CARTIER\微商相册\12.24\原图\29.CARTIER SANTOS ROSE GOLD MIDSIZE WATCH WGSA0008\附图\WGSA0008-2.jpg,84,watch,,dummy_images\WATCH\1.CARTIER\微商相册\12.24\已整理\29.CARTIER SANTOS ROSE GOLD MIDSIZE WATCH WGSA0008\附图\WGSA0008-2.jpg,cvs\new_watermark.png
dummy_images\WATCH\1.CARTIER\微商相册\12.24\原图\29.CARTIER SANTOS ROSE GOLD MIDSIZE WATCH WGSA0008\附图\WGSA0008-3.jpg,84,watch,,dummy_images\WATCH\1.CARTIER\微商相册\12.24\已整理\29.CARTIER SANTOS ROSE GOLD MIDSIZE WATCH WGSA0008\附图\WGSA0008-3.jpg,cvs\new_watermark.png
dummy_images\WATCH\1.CARTIER\微商相册\12.24\原图\30...CARTIER SANTOS DE WATCH WGSA0030\主图\WGSA0030.jpeg,85,watch,,,cvs\new_watermark.png
dummy_images\WATCH\1.CARTIER\微商相册\12.24\原图\30...CARTIER SANTOS DE WATCH WGSA0030\附图\WGSA0030-1.jpeg,85,watch,,dummy_images\WATCH\1.CARTIER\微商相册\12.24\已整理\30...CARTIER SANTOS DE WATCH WGSA0030\附图\WGSA0030-1.jpg,cvs\new_watermark.png
dummy_images\WATCH\1.CARTIER\微商相册\12.24\原图\30...CARTIER SANTOS DE WATCH WGSA0030\附图\WGSA0030-2.jpeg,85,watch,,dummy_images\WATCH\1.CARTIER\微商相册\12.24\已整理\30...CARTIER SANTOS DE WATCH WGSA0030\附图\WGSA0030-2.jpg,cvs\new_watermark.png
dummy_images\WATCH\1.CARTIER\微商相册\12.24\原图\30...CARTIER SANTOS DE WATCH WGSA0030\附图\WGSA0030-3.jpeg,85,watch,,dummy_images\WATCH\1.CARTIER\微商相册\12.24\已整理\30...CARTIER SANTOS DE WATCH WGSA0030\附图\WGSA0030-3.jpg,cvs\new_watermark.png
dummy_images\WATCH\1.CARTIER\微商相册\12.24\原图\30...CARTIER SANTOS DE WATCH WGSA0030\附图\WGSA0030-4.jpeg,85,watch,,dummy_images\WATCH\1.CARTIER\微商相册\12.24\已整理\30...CARTIER SANTOS DE WATCH WGSA0030\附图\WGSA0030-4.jpg,cvs\new_watermark.png
dummy_images\WATCH\1.CARTIER\微商相册\12.24\原图\31...CARTIER SANTOS DE WATCH WJSA0010\主图\WJSA0010.jpeg,86,watch,,,cvs\new_watermark.png
dummy_images\WATCH\1.CARTIER\微商相册\12.24\原图\31...CARTIER SANTOS DE WATCH WJSA0010\附图\WJSA0010-1.jpeg,86,watch,,dummy_images\WATCH\1.CARTIER\微商相册\12.24\已整理\31...CARTIER SANTOS DE WATCH WJSA0010\附图\WJSA0010-1.jpg,cvs\new_watermark.png
dummy_images\WATCH\1.CARTIER\微商相册\12.24\原图\31...CARTIER SANTOS DE WATCH WJSA0010\附图\WJSA0010-2.jpeg,86,watch,,dummy_images\WATCH\1.CARTIER\微商相册\12.24\已整理\31...CARTIER SANTOS DE WATCH WJSA0010\附图\WJSA0010-2.jpg,cvs\new_watermark.png
dummy_images\WATCH\1.CARTIER\微商相册\12.24\原图\31...CARTIER SANTOS DE WATCH WJSA0010\附图\WJSA0010-3.jpeg,86,watch,,dummy_images\WATCH\1.CARTIER\微商相册\12.24\已整理\31...CARTIER SANTOS DE WATCH WJSA0010\附图\WJSA0010-3.jpg,cvs\new_watermark.png
dummy_images\WATCH\1.CARTIER\微商相册\12.24\原图\31...CARTIER SANTOS DE WATCH WJSA0010\附图\WJSA0010-4.jpeg,86,watch,,dummy_images\WATCH\1.CARTIER\微商相册\12.24\已整理\31...CARTIER SANTOS DE WATCH WJSA0010\附图\WJSA0010-4.jpg,cvs\new_watermark.png
dummy_images\WATCH\1.CARTIER\微商相册\12.24\原图\31...CARTIER SANTOS DE WATCH WJSA0010\附图\WJSA0010-5.jpeg,86,watch,,dummy_images\WATCH\1.CARTIER\微商相册\12.24\已整理\31...CARTIER SANTOS DE WATCH WJSA0010\附图\WJSA0010-5.jpg,cvs\new_watermark.png
dummy_images\WATCH\1.CARTIER\微商相册\12.24\原图\33...CARTIER SANTOS DE WATCH W4SA0005\主图\W4SA0005.jpeg,87,watch,,,cvs\new_watermark.png
dummy_images\WATCH\1.CARTIER\微商相册\12.24\原图\33...CARTIER SANTOS DE WATCH W4SA0005\附图\W4SA0005-1.jpeg,87,watch,,dummy_images\WATCH\1.CARTIER\微商相册\12.24\已整理\33...CARTIER SANTOS DE WATCH W4SA0005\附图\W4SA0005-1.jpg,cvs\new_watermark.png
dummy_images\WATCH\1.CARTIER\微商相册\12.24\原图\33...CARTIER SANTOS DE WATCH W4SA0005\附图\W4SA0005-2.jpeg,87,watch,,dummy_images\WATCH\1.CARTIER\微商相册\12.24\已整理\33...CARTIER SANTOS DE WATCH W4SA0005\附图\W4SA0005-2.jpg,cvs\new_watermark.png
dummy_images\WATCH\1.CARTIER\微商相册\12.24\原图\33...CARTIER SANTOS DE WATCH W4SA0005\附图\W4SA0005-3.jpeg,87,watch,,dummy_images\WATCH\1.CARTIER\微商相册\12.24\已整理\33...CARTIER SANTOS DE WATCH W4SA0005\附图\W4SA0005-3.jpg,cvs\new_watermark.png
dummy_images\WATCH\1.CARTIER\微商相册\12.24\原图\33...CARTIER SANTOS DE WATCH W4SA0005\附图\W4SA0005-4.jpeg,87,watch,,dummy_images\WATCH\1.CARTIER\微商相册\12.24\已整理\33...CARTIER SANTOS DE WATCH W4SA0005\附图\W4SA0005-4.jpg,cvs\new_watermark.png
dummy_images\WATCH\1.CARTIER\微商相册\12.24\原图\33...CARTIER SANTOS DE WATCH W4SA0005\附图\W4SA0005-5.jpeg,87,watch,,dummy_images\WATCH\1.CARTIER\微商相册\12.24\已整理\33...CARTIER SANTOS DE WATCH W4SA0005\附图\W4SA0005-5.jpg,cvs\new_watermark.png
dummy_images\WATCH\1.CARTIER\微商相册\12.24\原图\33...CARTIER SANTOS DE WATCH W4SA0005\附图\W4SA0005-6.jpeg,87,watch,,dummy_images\WATCH\1.CARTIER\微商相册\12.24\已整理\33...CARTIER SANTOS DE WATCH W4SA0005\附图\W4SA0005-6.jpg,cvs\new_watermark.png
dummy_images\WATCH\1.CARTIER\微商相册\12.25\原图\7.CARTIER RONDE SOLO DE WATCH WSRN0022\主图\WSRN0022.jpg,94,watch,,,cvs\new_watermark.png
dummy_images\WATCH\1.CARTIER\微商相册\12.25\原图\7.CARTIER RONDE SOLO DE WATCH WSRN0022\附图\WSRN0022-1.jpg,94,watch,,dummy_images\WATCH\1.CARTIER\微商相册\12.25\已整理\7.CARTIER RONDE SOLO DE WATCH WSRN0022\附图\WSRN0022-1.jpg,cvs\new_watermark.png
dummy_images\WATCH\1.CARTIER\微商相册\12.25\原图\7.CARTIER RONDE SOLO DE WATCH WSRN0022\附图\WSRN0022-2.jpg,94,watch,,dummy_images\WATCH\1.CARTIER\微商相册\12.25\已整理\7.CARTIER RONDE SOLO DE WATCH WSRN0022\附图\WSRN0022-2.jpg,cvs\new_watermark.png
dummy_images\WATCH\1.CARTIER\微商相册\12.25\原图\7.CARTIER RONDE SOLO DE WATCH WSRN0022\附图\WSRN0022-3.jpg,94,watch,,dummy_images\WATCH\1.CARTIER\微商相册\12.25\已整理\7.CARTIER RONDE SOLO DE WATCH WSRN0022\附图\WSRN0022-3.jpg,cvs\new_watermark.png
dummy_images\WATCH\1.CARTIER\微商相册\12.25\原图\10.CARTIER RONDO SOLO DE 36MM WATCH WSRN0021\主图\WSRN0021.jpg,95,watch,,,cvs\new_watermark.png
dummy_images\WATCH\1.CARTIER\微商相册\12.25\原图\10.CARTIER RONDO SOLO DE 36MM WATCH WSRN0021\附图\WSRN0021-1.jpg,95,watch,,dummy_images\WATCH\1.CARTIER\微商相册\12.25\已整理\10.CARTIER RONDO SOLO DE 36MM WATCH WSRN0021\附图\WSRN0021-1.jpg,cvs\new_watermark.png
dummy_images\WATCH\1.CARTIER\微商相册\12.25\原图\10.CARTIER RONDO SOLO DE 36MM WATCH WSRN0021\附图\WSRN0021-2.jpg,95,watch,,dummy_images\WATCH\1.CARTIER\微商相册\12.25\已整理\10.CARTIER RONDO SOLO DE 36MM WATCH WSRN0021\附图\WSRN0021-2.jpg,cvs\new_watermark.png
dummy_images\WATCH\1.CARTIER\微商相册\12.25\原图\10.CARTIER RONDO SOLO DE 36MM WATCH WSRN0021\附图\WSRN0021-3.jpg,95,watch,,dummy_images\WATCH\1.CARTIER\微商相册\12.25\已整理\10.CARTIER RONDO SOLO DE 36MM WATCH WSRN0021\附图\WSRN0021-3.jpg,cvs\new_watermark.png
dummy_images\WATCH\1.CARTIER\微商相册\12.25\原图\10.CARTIER RONDO SOLO DE 36MM WATCH WSRN0021\附图\WSRN0021-4.jpg,95,watch,,dummy_images\WATCH\1.CARTIER\微商相册\12.25\已整理\10.CARTIER RONDO SOLO DE 36MM WATCH WSRN0021\附图\WSRN0021-4.jpg,cvs\new_watermark.png
dummy_images\WATCH\1.CARTIER\微商相册\12.25\原图\11.CARTIER LONDON SERIES AUTOMATIC MACHINE 36MM WATCH WSRN0021\主图\WSRN0021.jpg,96,watch,,,cvs\new_watermark.png
dummy_images\WATCH\1.CARTIER\微商相册\12.25\原图\11.CARTIER LONDON SERIES AUTOMATIC MACHINE 36MM WATCH WSRN0021\附图\WSRN0021-01.jpg,96,watch,,dummy_images\WATCH\1.CARTIER\微商相册\12.25\已整理\11.CARTIER LONDON SERIES AUTOMATIC MACHINE 36MM WATCH WSRN0021\详情图\WSRN0021-01.jpg,cvs\new_watermark.png
dummy_images\WATCH\1.CARTIER\微商相册\12.25\原图\11.CARTIER LONDON SERIES AUTOMATIC MACHINE 36MM WATCH WSRN0021\附图\WSRN0021-02.jpg,96,watch,,dummy_images\WATCH\1.CARTIER\微商相册\12.25\已整理\11.CARTIER LONDON SERIES AUTOMATIC MACHINE 36MM WATCH WSRN0021\详情图\WSRN0021-02.jpg,cvs\new_watermark.png
dummy_images\WATCH\1.CARTIER\微商相册\12.25\原图\11.CARTIER LONDON SERIES AUTOMATIC MACHINE 36MM WATCH WSRN0021\附图\WSRN0021-03.jpg,96,watch,,dummy_images\WATCH\1.CARTIER\微商相册\12.25\已整理\11.CARTIER LONDON SERIES AUTOMATIC MACHINE 36MM WATCH WSRN0021\详情图\WSRN0021-03.jpg,cvs\new_watermark.png
dummy_images\WATCH\1.CARTIER\微商相册\12.25\原图\11.CARTIER LONDON SERIES AUTOMATIC MACHINE 36MM WATCH WSRN0021\附图\WSRN0021-04.jpg,96,watch,,dummy_images\WATCH\1.CARTIER\微商相册\12.25\已整理\11.CARTIER LONDON SERIES AUTOMATIC MACHINE 36MM WATCH WSRN0021\详情图\WSRN0021-04.jpg,cvs\new_watermark.png
dummy_images\WATCH\1.CARTIER\微商相册\12.25\原图\11.CARTIER LONDON SERIES AUTOMATIC MACHINE 36MM WATCH WSRN0021\附图\WSRN0021-05.jpg,96,watch,,dummy_images\WATCH\1.CARTIER\微商相册\12.25\已整理\11.CARTIER LONDON SERIES AUTOMATIC MACHINE 36MM WATCH WSRN0021\详情图\WSRN0021-05.jpg,cvs\new_watermark.png
dummy_images\WATCH\1.CARTIER\微商相册\12.25\原图\11.CARTIER LONDON SERIES AUTOMATIC MACHINE 36MM WATCH WSRN0021\附图\WSRN0021-06.jpg,96,watch,,dummy_images\WATCH\1.CARTIER\微商相册\12.25\已整理\11.CARTIER LONDON SERIES AUTOMATIC MACHINE 36MM WATCH WSRN0021\详情图\WSRN0021-06.jpg,cvs\new_watermark.png
dummy_images\WATCH\1.CARTIER\微商相册\12.25\原图\11.CARTIER LONDON SERIES AUTOMATIC MACHINE 36MM WATCH WSRN0021\附图\WSRN0021-07.jpg,96,watch,,dummy_images\WATCH\1.CARTIER\微商相册\12.25\已整理\11.CARTIER LONDON SERIES AUTOMATIC MACHINE 36MM WATCH WSRN0021\详情图\WSRN0021-07.jpg,cvs\new_watermark.png
dummy_images\WATCH\1.CARTIER\微商相册\12.25\原图\11.CARTIER LONDON SERIES AUTOMATIC MACHINE 36MM WATCH WSRN0021\附图\WSRN0021-08.jpg,96,watch,,dummy_images\WATCH\1.CARTIER\微商相册\12.25\已整理\11.CARTIER LONDON SERIES AUTOMATIC MACHINE 36MM WATCH WSRN0021\详情图\WSRN0021-08.jpg,cvs\new_watermark.png
dummy_images\WATCH\1.CARTIER\微商相册\12.25\原图\11.CARTIER LONDON SERIES AUTOMATIC MACHINE 36MM WATCH WSRN0021\附图\WSRN0021-09.jpg,96,watch,,dummy_images\WATCH\1.CARTIER\微商相册\12.25\已整理\11.CARTIER LONDON SERIES AUTOMATIC MACHINE 36MM WATCH WSRN0021\详情图\WSRN0021-09.jpg,cvs\new_watermark.png
dummy_images\WATCH\1.CARTIER\微商相册\12.25\原图\12.CARTIER LONDSOLO DE 36MM WATCH WSRN0012\主图\WSRN0012.jpg,97,watch,,,cvs\new_watermark.png
dummy_images\WATCH\1.CARTIER\微商相册\12.25\原图\12.CARTIER LONDSOLO DE 36MM WATCH WSRN0012\附图\WSRN0012-1.jpg,97,watch,,dummy_images\WATCH\1.CARTIER\微商相册\12.25\已整理\12.CARTIER LONDSOLO DE 36MM WATCH WSRN0012\附图\WSRN0012-1.jpg,cvs\new_watermark.png
dummy_images\WATCH\1.CARTIER\微商相册\12.25\原图\12.CARTIER LONDSOLO DE 36MM WATCH WSRN0012\附图\WSRN0012-2.jpg,97,watch,,dummy_images\WATCH\1.CARTIER\微商相册\12.25\已整理\12.CARTIER LONDSOLO DE 36MM WATCH WSRN0012\附图\WSRN0012-2.jpg,cvs\new_watermark.png
dummy_images\WATCH\1.CARTIER\微商相册\12.25\原图\12.CARTIER LONDSOLO DE 36MM WATCH WSRN0012\附图\WSRN0012-3.jpg,97,watch,,dummy_images\WATCH\1.CARTIER\微商相册\12.25\已整理\12.CARTIER LONDSOLO DE 36MM WATCH WSRN0012\附图\WSRN0012-3.jpg,cvs\new_watermark.png
dummy_images\WATCH\1.CARTIER\微商相册\12.25\原图\12.CARTIER LONDSOLO DE 36MM WATCH WSRN0012\附图\WSRN0012-4.jpg,97,watch,,dummy_images\WATCH\1.CARTIER\微商相册\12.25\已整理\12.CARTIER LONDSOLO DE 36MM WATCH WSRN0012\附图\WSRN0012-4.jpg,cvs\new_watermark.png
dummy_images\WATCH\1.CARTIER\微商相册\12.25\原图\13...CARTIER SANTOS DE CARTIER WATCH WSSA0062\主图\WSSA0062.jpeg,98,watch,,,cvs\new_watermark.png
dummy_images\WATCH\1.CARTIER\微商相册\12.25\原图\13...CARTIER SANTOS DE CARTIER WATCH WSSA0062\附图\WSSA0062-1.jpeg,98,watch,,dummy_images\WATCH\1.CARTIER\微商相册\12.25\已整理\13...CARTIER SANTOS DE CARTIER WATCH WSSA0062\附图\WSSA0062-1.jpeg,cvs\new_watermark.png
dummy_images\WATCH\1.CARTIER\微商相册\12.25\原图\13...CARTIER SANTOS DE CARTIER WATCH WSSA0062\附图\WSSA0062-2.jpeg,98,watch,,dummy_images\WATCH\1.CARTIER\微商相册\12.25\已整理\13...CARTIER SANTOS DE CARTIER WATCH WSSA0062\附图\WSSA0062-2.jpeg,cvs\new_watermark.png
dummy_images\WATCH\1.CARTIER\微商相册\12.25\原图\13...CARTIER SANTOS DE CARTIER WATCH WSSA0062\附图\WSSA0062-3.jpeg,98,watch,,dummy_images\WATCH\1.CARTIER\微商相册\12.25\已整理\13...CARTIER SANTOS DE CARTIER WATCH WSSA0062\附图\WSSA0062-3.jpeg,cvs\new_watermark.png
dummy_images\WATCH\1.CARTIER\微商相册\12.25\原图\13...CARTIER SANTOS DE CARTIER WATCH WSSA0062\附图\WSSA0062-4.jpeg,98,watch,,dummy_images\WATCH\1.CARTIER\微商相册\12.25\已整理\13...CARTIER SANTOS DE CARTIER WATCH WSSA0062\附图\WSSA0062-4.jpeg,cvs\new_watermark.png
dummy_images\WATCH\1.CARTIER\微商相册\12.25\原图\14.CARTIER BLUE BALLOON 33MM WATCH W6920085\主图\W6920085.jpg,99,watch,,,cvs\new_watermark.png
dummy_images\WATCH\1.CARTIER\微商相册\12.25\原图\14.CARTIER BLUE BALLOON 33MM WATCH W6920085\附图\W6920085-1.jpg,99,watch,,dummy_images\WATCH\1.CARTIER\微商相册\12.25\已整理\14.CARTIER BLUE BALLOON 33MM WATCH W6920085\附图\W6920085-1.jpg,cvs\new_watermark.png
dummy_images\WATCH\1.CARTIER\微商相册\12.25\原图\14.CARTIER BLUE BALLOON 33MM WATCH W6920085\附图\W6920085-2.jpg,99,watch,,dummy_images\WATCH\1.CARTIER\微商相册\12.25\已整理\14.CARTIER BLUE BALLOON 33MM WATCH W6920085\附图\W6920085-2.jpg,cvs\new_watermark.png
dummy_images\WATCH\1.CARTIER\微商相册\12.25\原图\14.CARTIER BLUE BALLOON 33MM WATCH W6920085\附图\W6920085-3.jpg,99,watch,,dummy_images\WATCH\1.CARTIER\微商相册\12.25\已整理\14.CARTIER BLUE BALLOON 33MM WATCH W6920085\附图\W6920085-3.jpg,cvs\new_watermark.png
dummy_images\WATCH\1.CARTIER\微商相册\12.25\原图\14.CARTIER BLUE BALLOON 33MM WATCH W6920085\附图\W6920085-4.jpg,99,watch,,dummy_images\WATCH\1.CARTIER\微商相册\12.25\已整理\14.CARTIER BLUE BALLOON 33MM WATCH W6920085\附图\W6920085-4.jpg,cvs\new_watermark.png
